roc_auc,avg_precision,brier_score,log_loss,estimable,repetition,default_tp,default_tn,default_fp,default_fn,default_accuracy,default_precision,default_recall,default_specificity,default_f1,default_balanced_accuracy,default_fpr,default_fnr,youden_j_tp,youden_j_tn,youden_j_fp,youden_j_fn,youden_j_accuracy,youden_j_precision,youden_j_recall,youden_j_specificity,youden_j_f1,youden_j_balanced_accuracy,youden_j_fpr,youden_j_fnr,max_f1_tp,max_f1_tn,max_f1_fp,max_f1_fn,max_f1_accuracy,max_f1_precision,max_f1_recall,max_f1_specificity,max_f1_f1,max_f1_balanced_accuracy,max_f1_fpr,max_f1_fnr
0.8937799043062201,0.903018436767718,0.12119142861553997,0.4049433824033025,True,1,49,31,7,6,0.8602150537634409,0.875,0.8909090909090909,0.8157894736842105,0.8828828828828829,0.8533492822966506,0.18421052631578946,0.10909090909090909,49,31,7,6,0.8602150537634409,0.875,0.8909090909090909,0.8157894736842105,0.8828828828828829,0.8533492822966506,0.18421052631578946,0.10909090909090909,50,29,9,5,0.8494623655913979,0.847457627118644,0.9090909090909091,0.7631578947368421,0.8771929824561402,0.8361244019138756,0.23684210526315788,0.09090909090909091
0.9202317290552584,0.9243153921862718,0.11638286438044271,0.3788868510339233,True,2,45,37,7,6,0.8631578947368421,0.8653846153846154,0.8823529411764706,0.8409090909090909,0.8737864077669903,0.8616310160427807,0.1590909090909091,0.11764705882352941,46,35,9,5,0.8526315789473684,0.8363636363636363,0.9019607843137255,0.7954545454545454,0.8679245283018867,0.8487076648841354,0.20454545454545456,0.09803921568627451,47,34,10,4,0.8526315789473684,0.8245614035087719,0.9215686274509803,0.7727272727272727,0.8703703703703703,0.8471479500891266,0.22727272727272727,0.0784313725490196
0.916851441241685,0.9280241724637434,0.12033546214001581,0.37944221538535333,True,3,35,35,6,9,0.8235294117647058,0.8536585365853658,0.7954545454545454,0.8536585365853658,0.8235294117647058,0.8245565410199556,0.14634146341463414,0.20454545454545456,36,34,7,8,0.8235294117647058,0.8372093023255814,0.8181818181818182,0.8292682926829268,0.8275862068965518,0.8237250554323725,0.17073170731707318,0.18181818181818182,38,31,10,6,0.8117647058823529,0.7916666666666666,0.8636363636363636,0.7560975609756098,0.8260869565217391,0.8098669623059866,0.24390243902439024,0.13636363636363635
0.9106359649122807,0.919208832163979,0.11302694396704532,0.37678382856727916,True,4,43,31,7,5,0.8604651162790697,0.86,0.8958333333333334,0.8157894736842105,0.8775510204081632,0.8558114035087719,0.18421052631578946,0.10416666666666667,43,29,9,5,0.8372093023255814,0.8269230769230769,0.8958333333333334,0.7631578947368421,0.86,0.8294956140350878,0.23684210526315788,0.10416666666666667,43,29,9,5,0.8372093023255814,0.8269230769230769,0.8958333333333334,0.7631578947368421,0.86,0.8294956140350878,0.23684210526315788,0.10416666666666667
0.9018181818181819,0.9146953237402401,0.12412459215225037,0.3935424646593663,True,5,41,28,5,9,0.8313253012048193,0.8913043478260869,0.82,0.8484848484848485,0.8541666666666666,0.8342424242424242,0.15151515151515152,0.18,41,28,5,9,0.8313253012048193,0.8913043478260869,0.82,0.8484848484848485,0.8541666666666666,0.8342424242424242,0.15151515151515152,0.18,42,27,6,8,0.8313253012048193,0.875,0.84,0.8181818181818182,0.8571428571428572,0.8290909090909091,0.18181818181818182,0.16
0.9080952380952381,0.9303080754417913,0.11663830053093545,0.38669277528558205,True,6,51,29,6,9,0.8421052631578947,0.8947368421052632,0.85,0.8285714285714286,0.8717948717948718,0.8392857142857143,0.17142857142857143,0.15,53,29,6,7,0.8631578947368421,0.8983050847457628,0.8833333333333333,0.8285714285714286,0.8907563025210085,0.855952380952381,0.17142857142857143,0.11666666666666667,54,29,6,6,0.8736842105263158,0.9,0.9,0.8285714285714286,0.9,0.8642857142857143,0.17142857142857143,0.1
0.9177148846960168,0.9371876990326786,0.11201987067208162,0.3736025778529147,True,7,45,32,4,8,0.8651685393258427,0.9183673469387755,0.8490566037735849,0.8888888888888888,0.8823529411764707,0.8689727463312369,0.1111111111111111,0.1509433962264151,46,31,5,7,0.8651685393258427,0.9019607843137255,0.8679245283018868,0.8611111111111112,0.8846153846153846,0.864517819706499,0.1388888888888889,0.1320754716981132,46,29,7,7,0.8426966292134831,0.8679245283018868,0.8679245283018868,0.8055555555555556,0.8679245283018869,0.8367400419287212,0.19444444444444445,0.1320754716981132
0.9368355222013759,0.952681752301539,0.11248556859554544,0.36567145445443994,True,8,38,29,10,3,0.8375,0.7916666666666666,0.926829268292683,0.7435897435897436,0.8539325842696629,0.8352095059412132,0.2564102564102564,0.07317073170731707,38,28,11,3,0.825,0.7755102040816326,0.926829268292683,0.717948717948718,0.8444444444444446,0.8223889931207005,0.28205128205128205,0.07317073170731707,39,26,13,2,0.8125,0.75,0.9512195121951219,0.6666666666666666,0.8387096774193549,0.8089430894308942,0.3333333333333333,0.04878048780487805
0.9260042283298097,0.9341264921038315,0.10368187232755575,0.3452085049550827,True,9,53,32,11,2,0.8673469387755102,0.828125,0.9636363636363636,0.7441860465116279,0.8907563025210083,0.8539112050739958,0.2558139534883721,0.03636363636363636,54,31,12,1,0.8673469387755102,0.8181818181818182,0.9818181818181818,0.7209302325581395,0.8925619834710744,0.8513742071881607,0.27906976744186046,0.01818181818181818,54,30,13,1,0.8571428571428571,0.8059701492537313,0.9818181818181818,0.6976744186046512,0.8852459016393442,0.8397463002114165,0.3023255813953488,0.01818181818181818
0.8554112554112554,0.8684818368087502,0.15078868438094956,0.4585107212125857,True,10,45,30,12,10,0.7731958762886598,0.7894736842105263,0.8181818181818182,0.7142857142857143,0.8035714285714286,0.7662337662337663,0.2857142857142857,0.18181818181818182,46,29,13,9,0.7731958762886598,0.7796610169491526,0.8363636363636363,0.6904761904761905,0.8070175438596492,0.7634199134199133,0.30952380952380953,0.16363636363636364,46,29,13,9,0.7731958762886598,0.7796610169491526,0.8363636363636363,0.6904761904761905,0.8070175438596492,0.7634199134199133,0.30952380952380953,0.16363636363636364
0.9438058748403575,0.9755651462068269,0.10398203859615857,0.3463391116548232,True,11,51,22,5,7,0.8588235294117647,0.9107142857142857,0.8793103448275862,0.8148148148148148,0.8947368421052632,0.8470625798212005,0.18518518518518517,0.1206896551724138,53,22,5,5,0.8823529411764706,0.9137931034482759,0.9137931034482759,0.8148148148148148,0.9137931034482759,0.8643039591315453,0.18518518518518517,0.08620689655172414,53,22,5,5,0.8823529411764706,0.9137931034482759,0.9137931034482759,0.8148148148148148,0.9137931034482759,0.8643039591315453,0.18518518518518517,0.08620689655172414
0.8788249694002448,0.868546085435126,0.14382914178415038,0.44728551711765663,True,12,36,32,11,2,0.8395061728395061,0.7659574468085106,0.9473684210526315,0.7441860465116279,0.8470588235294116,0.8457772337821297,0.2558139534883721,0.05263157894736842,36,30,13,2,0.8148148148148148,0.7346938775510204,0.9473684210526315,0.6976744186046512,0.8275862068965517,0.8225214198286414,0.3023255813953488,0.05263157894736842,36,29,14,2,0.8024691358024691,0.72,0.9473684210526315,0.6744186046511628,0.8181818181818181,0.8108935128518971,0.32558139534883723,0.05263157894736842
0.9331395348837209,0.9506739610276755,0.11734079021733891,0.37051922005130483,True,13,34,28,4,9,0.8266666666666667,0.8947368421052632,0.7906976744186046,0.875,0.8395061728395061,0.8328488372093024,0.125,0.20930232558139536,36,28,4,7,0.8533333333333334,0.9,0.8372093023255814,0.875,0.8674698795180723,0.8561046511627908,0.125,0.16279069767441862,37,27,5,6,0.8533333333333334,0.8809523809523809,0.8604651162790697,0.84375,0.8705882352941177,0.8521075581395349,0.15625,0.13953488372093023
0.8828125,0.9108906289934579,0.13782959658367774,0.4272283948600851,True,14,43,30,10,5,0.8295454545454546,0.8113207547169812,0.8958333333333334,0.75,0.8514851485148515,0.8229166666666667,0.25,0.10416666666666667,43,28,12,5,0.8068181818181818,0.7818181818181819,0.8958333333333334,0.7,0.8349514563106797,0.7979166666666666,0.3,0.10416666666666667,43,27,13,5,0.7954545454545454,0.7678571428571429,0.8958333333333334,0.675,0.8269230769230769,0.7854166666666667,0.325,0.10416666666666667
0.9487315010570824,0.957686634482338,0.09648267684019504,0.327916799067336,True,15,39,37,7,4,0.8735632183908046,0.8478260869565217,0.9069767441860465,0.8409090909090909,0.8764044943820224,0.8739429175475687,0.1590909090909091,0.09302325581395349,40,35,9,3,0.8620689655172413,0.8163265306122449,0.9302325581395349,0.7954545454545454,0.8695652173913043,0.8628435517970401,0.20454545454545456,0.06976744186046512,41,34,10,2,0.8620689655172413,0.803921568627451,0.9534883720930233,0.7727272727272727,0.8723404255319148,0.863107822410148,0.22727272727272727,0.046511627906976744
0.9599303135888502,0.9601154189616726,0.09539945325226672,0.3235743038930654,True,16,41,34,7,1,0.9036144578313253,0.8541666666666666,0.9761904761904762,0.8292682926829268,0.9111111111111111,0.9027293844367015,0.17073170731707318,0.023809523809523808,41,33,8,1,0.891566265060241,0.8367346938775511,0.9761904761904762,0.8048780487804879,0.9010989010989012,0.890534262485482,0.1951219512195122,0.023809523809523808,42,31,10,0,0.8795180722891566,0.8076923076923077,1.0,0.7560975609756098,0.8936170212765957,0.8780487804878049,0.24390243902439024,0.0
0.9274136715997181,0.9462200388996302,0.10934613690732709,0.3502311621880371,True,17,35,28,5,8,0.8289473684210527,0.875,0.813953488372093,0.8484848484848485,0.8433734939759036,0.8312191684284708,0.15151515151515152,0.18604651162790697,36,28,5,7,0.8421052631578947,0.8780487804878049,0.8372093023255814,0.8484848484848485,0.8571428571428572,0.842847075405215,0.15151515151515152,0.16279069767441862,37,27,6,6,0.8421052631578947,0.8604651162790697,0.8604651162790697,0.8181818181818182,0.8604651162790697,0.8393234672304439,0.18181818181818182,0.13953488372093023
0.9004329004329005,0.8833676684341537,0.11948681118762457,0.3937461153446464,True,18,38,36,6,6,0.8604651162790697,0.8636363636363636,0.8636363636363636,0.8571428571428571,0.8636363636363636,0.8603896103896104,0.14285714285714285,0.13636363636363635,40,36,6,4,0.8837209302325582,0.8695652173913043,0.9090909090909091,0.8571428571428571,0.888888888888889,0.8831168831168831,0.14285714285714285,0.09090909090909091,41,34,8,3,0.872093023255814,0.8367346938775511,0.9318181818181818,0.8095238095238095,0.8817204301075268,0.8706709956709957,0.19047619047619047,0.06818181818181818
0.9484210526315789,0.9643121274013288,0.11179404489322295,0.37266787152702674,True,19,48,29,9,2,0.875,0.8421052631578947,0.96,0.7631578947368421,0.8971962616822429,0.861578947368421,0.23684210526315788,0.04,48,26,12,2,0.8409090909090909,0.8,0.96,0.6842105263157895,0.8727272727272728,0.8221052631578947,0.3157894736842105,0.04,48,26,12,2,0.8409090909090909,0.8,0.96,0.6842105263157895,0.8727272727272728,0.8221052631578947,0.3157894736842105,0.04
0.9270334928229665,0.9268809221320741,0.1148903895778111,0.3679822495644348,True,20,35,34,4,9,0.8414634146341463,0.8974358974358975,0.7954545454545454,0.8947368421052632,0.8433734939759037,0.8450956937799043,0.10526315789473684,0.20454545454545456,35,34,4,9,0.8414634146341463,0.8974358974358975,0.7954545454545454,0.8947368421052632,0.8433734939759037,0.8450956937799043,0.10526315789473684,0.20454545454545456,36,34,4,8,0.8536585365853658,0.9,0.8181818181818182,0.8947368421052632,0.8571428571428572,0.8564593301435407,0.10526315789473684,0.18181818181818182
0.9051362683438156,0.9327611651825976,0.135243579662508,0.4252509527805925,True,21,42,31,5,11,0.8202247191011236,0.8936170212765957,0.7924528301886793,0.8611111111111112,0.8400000000000001,0.8267819706498952,0.1388888888888889,0.20754716981132076,42,31,5,11,0.8202247191011236,0.8936170212765957,0.7924528301886793,0.8611111111111112,0.8400000000000001,0.8267819706498952,0.1388888888888889,0.20754716981132076,43,31,5,10,0.8314606741573034,0.8958333333333334,0.8113207547169812,0.8611111111111112,0.8514851485148515,0.8362159329140462,0.1388888888888889,0.18867924528301888
0.8863095238095238,0.897240505559885,0.1334209016442907,0.41579536977151244,True,22,44,23,12,4,0.8072289156626506,0.7857142857142857,0.9166666666666666,0.6571428571428571,0.8461538461538461,0.7869047619047619,0.34285714285714286,0.08333333333333333,44,21,14,4,0.7831325301204819,0.7586206896551724,0.9166666666666666,0.6,0.830188679245283,0.7583333333333333,0.4,0.08333333333333333,45,20,15,3,0.7831325301204819,0.75,0.9375,0.5714285714285714,0.8333333333333334,0.7544642857142857,0.42857142857142855,0.0625
0.9280612244897959,0.9284650124238413,0.14335130429941975,0.42767909128925685,True,23,38,35,14,2,0.8202247191011236,0.7307692307692307,0.95,0.7142857142857143,0.8260869565217392,0.8321428571428571,0.2857142857142857,0.05,38,33,16,2,0.797752808988764,0.7037037037037037,0.95,0.673469387755102,0.8085106382978724,0.8117346938775509,0.32653061224489793,0.05,38,30,19,2,0.7640449438202247,0.6666666666666666,0.95,0.6122448979591837,0.7835051546391752,0.7811224489795918,0.3877551020408163,0.05
0.9079663532904503,0.8964314629517263,0.1154655396072273,0.37618198184149887,True,24,40,35,8,7,0.8333333333333334,0.8333333333333334,0.851063829787234,0.813953488372093,0.8421052631578947,0.8325086590796635,0.18604651162790697,0.14893617021276595,42,35,8,5,0.8555555555555555,0.84,0.8936170212765957,0.813953488372093,0.8659793814432989,0.8537852548243443,0.18604651162790697,0.10638297872340426,43,34,9,4,0.8555555555555555,0.8269230769230769,0.9148936170212766,0.7906976744186046,0.8686868686868686,0.8527956457199406,0.20930232558139536,0.0851063829787234
0.8777908343125734,0.9093938487241059,0.13978812012996894,0.4373143537139239,True,25,40,30,7,6,0.8433734939759037,0.851063829787234,0.8695652173913043,0.8108108108108109,0.8602150537634409,0.8401880141010576,0.1891891891891892,0.13043478260869565,40,30,7,6,0.8433734939759037,0.851063829787234,0.8695652173913043,0.8108108108108109,0.8602150537634409,0.8401880141010576,0.1891891891891892,0.13043478260869565,40,28,9,6,0.8192771084337349,0.8163265306122449,0.8695652173913043,0.7567567567567568,0.8421052631578948,0.8131609870740306,0.24324324324324326,0.13043478260869565
0.9186991869918699,0.8940337846388194,0.11217249980008147,0.37164307858318857,True,26,41,34,7,4,0.872093023255814,0.8541666666666666,0.9111111111111111,0.8292682926829268,0.8817204301075269,0.8701897018970189,0.17073170731707318,0.08888888888888889,42,31,10,3,0.8488372093023255,0.8076923076923077,0.9333333333333333,0.7560975609756098,0.8659793814432989,0.8447154471544716,0.24390243902439024,0.06666666666666667,42,30,11,3,0.8372093023255814,0.7924528301886793,0.9333333333333333,0.7317073170731707,0.8571428571428572,0.832520325203252,0.2682926829268293,0.06666666666666667
0.9300239234449761,0.9359017911548315,0.11078976745270405,0.3623775737882482,True,27,37,33,5,7,0.8536585365853658,0.8809523809523809,0.8409090909090909,0.868421052631579,0.8604651162790699,0.854665071770335,0.13157894736842105,0.1590909090909091,39,31,7,5,0.8536585365853658,0.8478260869565217,0.8863636363636364,0.8157894736842105,0.8666666666666666,0.8510765550239234,0.18421052631578946,0.11363636363636363,40,30,8,4,0.8536585365853658,0.8333333333333334,0.9090909090909091,0.7894736842105263,0.8695652173913043,0.8492822966507176,0.21052631578947367,0.09090909090909091
0.8765432098765432,0.9090291913477495,0.1362136848277843,0.43000754316536893,True,28,44,27,9,10,0.7888888888888889,0.8301886792452831,0.8148148148148148,0.75,0.8224299065420562,0.7824074074074074,0.25,0.18518518518518517,46,27,9,8,0.8111111111111111,0.8363636363636363,0.8518518518518519,0.75,0.8440366972477065,0.8009259259259259,0.25,0.14814814814814814,48,26,10,6,0.8222222222222222,0.8275862068965517,0.8888888888888888,0.7222222222222222,0.8571428571428572,0.8055555555555556,0.2777777777777778,0.1111111111111111
0.9217479674796747,0.9291083218982548,0.11090700687543327,0.3699679126115649,True,29,42,35,6,6,0.8651685393258427,0.875,0.875,0.8536585365853658,0.875,0.8643292682926829,0.14634146341463414,0.125,42,34,7,6,0.8539325842696629,0.8571428571428571,0.875,0.8292682926829268,0.8659793814432989,0.8521341463414633,0.17073170731707318,0.125,44,34,7,4,0.8764044943820225,0.8627450980392157,0.9166666666666666,0.8292682926829268,0.888888888888889,0.8729674796747967,0.17073170731707318,0.08333333333333333
0.9247897080653141,0.9384050700360537,0.11275617305958932,0.3509340096362448,True,30,39,35,8,8,0.8222222222222222,0.8297872340425532,0.8297872340425532,0.813953488372093,0.8297872340425532,0.821870361207323,0.18604651162790697,0.1702127659574468,40,34,9,7,0.8222222222222222,0.8163265306122449,0.851063829787234,0.7906976744186046,0.8333333333333334,0.8208807521029193,0.20930232558139536,0.14893617021276595,40,31,12,7,0.7888888888888889,0.7692307692307693,0.851063829787234,0.7209302325581395,0.8080808080808081,0.7859970311726867,0.27906976744186046,0.14893617021276595
0.9135375494071146,0.917949974540472,0.12495963049756191,0.385140864393194,True,31,41,33,11,5,0.8222222222222222,0.7884615384615384,0.8913043478260869,0.75,0.836734693877551,0.8206521739130435,0.25,0.10869565217391304,43,33,11,3,0.8444444444444444,0.7962962962962963,0.9347826086956522,0.75,0.8599999999999999,0.8423913043478262,0.25,0.06521739130434782,43,33,11,3,0.8444444444444444,0.7962962962962963,0.9347826086956522,0.75,0.8599999999999999,0.8423913043478262,0.25,0.06521739130434782
0.9183673469387754,0.9375491338455297,0.12464759748405206,0.38903857345297155,True,32,37,30,4,12,0.8072289156626506,0.9024390243902439,0.7551020408163265,0.8823529411764706,0.8222222222222222,0.8187274909963985,0.11764705882352941,0.24489795918367346,40,29,5,9,0.8313253012048193,0.8888888888888888,0.8163265306122449,0.8529411764705882,0.851063829787234,0.8346338535414166,0.14705882352941177,0.1836734693877551,40,29,5,9,0.8313253012048193,0.8888888888888888,0.8163265306122449,0.8529411764705882,0.851063829787234,0.8346338535414166,0.14705882352941177,0.1836734693877551
0.9296296296296297,0.943443422109767,0.10620947641648573,0.34370568507371857,True,33,38,37,5,7,0.8620689655172413,0.8837209302325582,0.8444444444444444,0.8809523809523809,0.8636363636363636,0.8626984126984127,0.11904761904761904,0.15555555555555556,39,35,7,6,0.8505747126436781,0.8478260869565217,0.8666666666666667,0.8333333333333334,0.8571428571428571,0.8500000000000001,0.16666666666666666,0.13333333333333333,40,35,7,5,0.8620689655172413,0.851063829787234,0.8888888888888888,0.8333333333333334,0.8695652173913044,0.8611111111111112,0.16666666666666666,0.1111111111111111
0.9351000540832883,0.9269444785812416,0.10154026248134697,0.3397103324982823,True,34,36,38,5,7,0.8604651162790697,0.8780487804878049,0.8372093023255814,0.8837209302325582,0.8571428571428572,0.8604651162790697,0.11627906976744186,0.16279069767441862,37,38,5,6,0.872093023255814,0.8809523809523809,0.8604651162790697,0.8837209302325582,0.8705882352941177,0.872093023255814,0.11627906976744186,0.13953488372093023,37,38,5,6,0.872093023255814,0.8809523809523809,0.8604651162790697,0.8837209302325582,0.8705882352941177,0.872093023255814,0.11627906976744186,0.13953488372093023
0.897891231964484,0.9215918578932223,0.1183258607989616,0.3826137423016354,True,35,49,24,10,4,0.8390804597701149,0.8305084745762712,0.9245283018867925,0.7058823529411765,0.875,0.8152053274139845,0.29411764705882354,0.07547169811320754,51,22,12,2,0.8390804597701149,0.8095238095238095,0.9622641509433962,0.6470588235294118,0.8793103448275862,0.804661487236404,0.35294117647058826,0.03773584905660377,52,22,12,1,0.8505747126436781,0.8125,0.9811320754716981,0.6470588235294118,0.8888888888888888,0.814095449500555,0.35294117647058826,0.018867924528301886
0.9266936299292214,0.9261184047024476,0.11522945544769132,0.3659595891629915,True,36,38,37,9,5,0.8426966292134831,0.8085106382978723,0.8837209302325582,0.8043478260869565,0.8444444444444444,0.8440343781597573,0.1956521739130435,0.11627906976744186,39,33,13,4,0.8089887640449438,0.75,0.9069767441860465,0.717391304347826,0.8210526315789475,0.8121840242669363,0.2826086956521739,0.09302325581395349,40,32,14,3,0.8089887640449438,0.7407407407407407,0.9302325581395349,0.6956521739130435,0.8247422680412371,0.8129423660262891,0.30434782608695654,0.06976744186046512
0.8604651162790699,0.8435222368486346,0.14303701506804056,0.4592709843258391,True,37,35,36,8,8,0.8160919540229885,0.813953488372093,0.813953488372093,0.8181818181818182,0.8139534883720931,0.8160676532769556,0.18181818181818182,0.18604651162790697,36,33,11,7,0.7931034482758621,0.7659574468085106,0.8372093023255814,0.75,0.8,0.7936046511627908,0.25,0.16279069767441862,36,32,12,7,0.7816091954022989,0.75,0.8372093023255814,0.7272727272727273,0.7912087912087912,0.7822410147991543,0.2727272727272727,0.16279069767441862
0.90302066772655,0.9222037264773172,0.12252844972676889,0.38364079271408946,True,38,44,29,8,7,0.8295454545454546,0.8461538461538461,0.8627450980392157,0.7837837837837838,0.854368932038835,0.8232644409114998,0.21621621621621623,0.13725490196078433,46,27,10,5,0.8295454545454546,0.8214285714285714,0.9019607843137255,0.7297297297297297,0.8598130841121495,0.8158452570217276,0.2702702702702703,0.09803921568627451,46,26,11,5,0.8181818181818182,0.8070175438596491,0.9019607843137255,0.7027027027027027,0.8518518518518519,0.8023317435082141,0.2972972972972973,0.09803921568627451
0.9135265700483091,0.9098965659411064,0.11972399454628105,0.3718859694746013,True,39,38,36,10,7,0.8131868131868132,0.7916666666666666,0.8444444444444444,0.782608695652174,0.8172043010752689,0.8135265700483092,0.21739130434782608,0.15555555555555556,39,36,10,6,0.8241758241758241,0.7959183673469388,0.8666666666666667,0.782608695652174,0.8297872340425533,0.8246376811594203,0.21739130434782608,0.13333333333333333,39,36,10,6,0.8241758241758241,0.7959183673469388,0.8666666666666667,0.782608695652174,0.8297872340425533,0.8246376811594203,0.21739130434782608,0.13333333333333333
0.9002100840336134,0.9394536709354775,0.12359946399133784,0.39443514671905655,True,40,47,26,8,9,0.8111111111111111,0.8545454545454545,0.8392857142857143,0.7647058823529411,0.8468468468468467,0.8019957983193278,0.23529411764705882,0.16071428571428573,48,26,8,8,0.8222222222222222,0.8571428571428571,0.8571428571428571,0.7647058823529411,0.8571428571428571,0.8109243697478992,0.23529411764705882,0.14285714285714285,52,24,10,4,0.8444444444444444,0.8387096774193549,0.9285714285714286,0.7058823529411765,0.8813559322033899,0.8172268907563025,0.29411764705882354,0.07142857142857142
0.9247460757156049,0.955754665657093,0.11919218019481279,0.3854300922056255,True,41,49,29,9,8,0.8210526315789474,0.8448275862068966,0.8596491228070176,0.7631578947368421,0.8521739130434783,0.8114035087719298,0.23684210526315788,0.14035087719298245,50,29,9,7,0.8315789473684211,0.847457627118644,0.8771929824561403,0.7631578947368421,0.8620689655172413,0.8201754385964912,0.23684210526315788,0.12280701754385964,51,29,9,6,0.8421052631578947,0.85,0.8947368421052632,0.7631578947368421,0.8717948717948718,0.8289473684210527,0.23684210526315788,0.10526315789473684
0.8889416231608923,0.9052852479590332,0.13135510707792808,0.413638234161347,True,42,43,32,11,6,0.8152173913043478,0.7962962962962963,0.8775510204081632,0.7441860465116279,0.8349514563106796,0.8108685334598955,0.2558139534883721,0.12244897959183673,44,32,11,5,0.8260869565217391,0.8,0.8979591836734694,0.7441860465116279,0.8461538461538463,0.8210726150925487,0.2558139534883721,0.10204081632653061,44,32,11,5,0.8260869565217391,0.8,0.8979591836734694,0.7441860465116279,0.8461538461538463,0.8210726150925487,0.2558139534883721,0.10204081632653061
0.9090909090909091,0.929678503718651,0.1204688777188573,0.3921915329048735,True,43,44,35,4,11,0.8404255319148937,0.9166666666666666,0.8,0.8974358974358975,0.854368932038835,0.8487179487179488,0.10256410256410256,0.2,45,35,4,10,0.851063829787234,0.9183673469387755,0.8181818181818182,0.8974358974358975,0.8653846153846154,0.8578088578088578,0.10256410256410256,0.18181818181818182,46,35,4,9,0.8617021276595744,0.92,0.8363636363636363,0.8974358974358975,0.8761904761904761,0.8668997668997669,0.10256410256410256,0.16363636363636364
0.9260162601626016,0.9450829097681527,0.10807116490096691,0.3539809960774183,True,44,55,34,7,5,0.8811881188118812,0.8870967741935484,0.9166666666666666,0.8292682926829268,0.9016393442622951,0.8729674796747967,0.17073170731707318,0.08333333333333333,55,32,9,5,0.8613861386138614,0.859375,0.9166666666666666,0.7804878048780488,0.8870967741935484,0.8485772357723578,0.21951219512195122,0.08333333333333333,56,32,9,4,0.8712871287128713,0.8615384615384616,0.9333333333333333,0.7804878048780488,0.8960000000000001,0.8569105691056911,0.21951219512195122,0.06666666666666667
0.8995703544575724,0.9224554281837278,0.12536997380837836,0.400775845434446,True,45,41,31,7,8,0.8275862068965517,0.8541666666666666,0.8367346938775511,0.8157894736842105,0.845360824742268,0.8262620837808807,0.18421052631578946,0.16326530612244897,42,31,7,7,0.8390804597701149,0.8571428571428571,0.8571428571428571,0.8157894736842105,0.8571428571428571,0.8364661654135338,0.18421052631578946,0.14285714285714285,45,30,8,4,0.8620689655172413,0.8490566037735849,0.9183673469387755,0.7894736842105263,0.8823529411764707,0.853920515574651,0.21052631578947367,0.08163265306122448
0.9040382110290925,0.8771628905987745,0.12100082761797387,0.3879554054756722,True,46,38,42,7,9,0.8333333333333334,0.8444444444444444,0.8085106382978723,0.8571428571428571,0.8260869565217391,0.8328267477203647,0.14285714285714285,0.19148936170212766,38,40,9,9,0.8125,0.8085106382978723,0.8085106382978723,0.8163265306122449,0.8085106382978723,0.8124185844550587,0.1836734693877551,0.19148936170212766,41,37,12,6,0.8125,0.7735849056603774,0.8723404255319149,0.7551020408163265,0.8200000000000001,0.8137212331741207,0.24489795918367346,0.1276595744680851
0.9479797979797979,0.9673151675533758,0.09496287286405744,0.31211548234542974,True,47,48,29,7,7,0.8461538461538461,0.8727272727272727,0.8727272727272727,0.8055555555555556,0.8727272727272727,0.8391414141414142,0.19444444444444445,0.12727272727272726,50,29,7,5,0.8681318681318682,0.8771929824561403,0.9090909090909091,0.8055555555555556,0.8928571428571428,0.8573232323232323,0.19444444444444445,0.09090909090909091,50,29,7,5,0.8681318681318682,0.8771929824561403,0.9090909090909091,0.8055555555555556,0.8928571428571428,0.8573232323232323,0.19444444444444445,0.09090909090909091
0.9188405797101449,0.913862278822113,0.11576182276724208,0.36597491275041566,True,48,38,35,10,8,0.8021978021978022,0.7916666666666666,0.8260869565217391,0.7777777777777778,0.8085106382978724,0.8019323671497585,0.2222222222222222,0.17391304347826086,42,35,10,4,0.8461538461538461,0.8076923076923077,0.9130434782608695,0.7777777777777778,0.8571428571428572,0.8454106280193237,0.2222222222222222,0.08695652173913043,42,35,10,4,0.8461538461538461,0.8076923076923077,0.9130434782608695,0.7777777777777778,0.8571428571428572,0.8454106280193237,0.2222222222222222,0.08695652173913043
0.9028314028314028,0.8605861312117011,0.1332606537220731,0.4286492899994176,True,49,36,30,12,1,0.8354430379746836,0.75,0.972972972972973,0.7142857142857143,0.8470588235294119,0.8436293436293436,0.2857142857142857,0.02702702702702703,36,29,13,1,0.8227848101265823,0.7346938775510204,0.972972972972973,0.6904761904761905,0.8372093023255813,0.8317245817245817,0.30952380952380953,0.02702702702702703,36,28,14,1,0.810126582278481,0.72,0.972972972972973,0.6666666666666666,0.8275862068965518,0.8198198198198199,0.3333333333333333,0.02702702702702703
0.9569575471698113,0.9750814850229552,0.09845807644903344,0.3354996392505044,True,50,47,28,4,6,0.8823529411764706,0.9215686274509803,0.8867924528301887,0.875,0.9038461538461539,0.8808962264150944,0.125,0.11320754716981132,47,26,6,6,0.8588235294117647,0.8867924528301887,0.8867924528301887,0.8125,0.8867924528301887,0.8496462264150944,0.1875,0.11320754716981132,49,26,6,4,0.8823529411764706,0.8909090909090909,0.9245283018867925,0.8125,0.9074074074074073,0.8685141509433962,0.1875,0.07547169811320754
0.8590455049944505,0.8861716870176533,0.1468025176381107,0.46675598304585825,True,51,43,26,8,10,0.7931034482758621,0.8431372549019608,0.8113207547169812,0.7647058823529411,0.826923076923077,0.7880133185349611,0.23529411764705882,0.18867924528301888,45,26,8,8,0.8160919540229885,0.8490566037735849,0.8490566037735849,0.7647058823529411,0.8490566037735849,0.806881243063263,0.23529411764705882,0.1509433962264151,45,25,9,8,0.8045977011494253,0.8333333333333334,0.8490566037735849,0.7352941176470589,0.8411214953271028,0.7921753607103219,0.2647058823529412,0.1509433962264151
0.9271867612293144,0.9405901860116657,0.1107676343020331,0.3565790411622594,True,52,40,36,9,7,0.8260869565217391,0.8163265306122449,0.851063829787234,0.8,0.8333333333333334,0.8255319148936171,0.2,0.14893617021276595,43,35,10,4,0.8478260869565217,0.8113207547169812,0.9148936170212766,0.7777777777777778,0.8600000000000001,0.8463356973995272,0.2222222222222222,0.0851063829787234,43,35,10,4,0.8478260869565217,0.8113207547169812,0.9148936170212766,0.7777777777777778,0.8600000000000001,0.8463356973995272,0.2222222222222222,0.0851063829787234
0.9169960474308301,0.919335001357882,0.12127662989108041,0.38191626765116826,True,53,42,33,11,4,0.8333333333333334,0.7924528301886793,0.9130434782608695,0.75,0.8484848484848485,0.8315217391304348,0.25,0.08695652173913043,43,30,14,3,0.8111111111111111,0.7543859649122807,0.9347826086956522,0.6818181818181818,0.8349514563106796,0.808300395256917,0.3181818181818182,0.06521739130434782,43,29,15,3,0.8,0.7413793103448276,0.9347826086956522,0.6590909090909091,0.826923076923077,0.7969367588932806,0.3409090909090909,0.06521739130434782
0.9617248062015504,0.9547286745903845,0.10374757169736555,0.34872444814059095,True,54,42,38,10,1,0.8791208791208791,0.8076923076923077,0.9767441860465116,0.7916666666666666,0.8842105263157894,0.884205426356589,0.20833333333333334,0.023255813953488372,42,36,12,1,0.8571428571428571,0.7777777777777778,0.9767441860465116,0.75,0.8659793814432991,0.8633720930232558,0.25,0.023255813953488372,43,34,14,0,0.8461538461538461,0.7543859649122807,1.0,0.7083333333333334,0.86,0.8541666666666667,0.2916666666666667,0.0
0.8660477453580901,0.9292017035294525,0.1540538923400252,0.46418242618519734,True,55,41,21,8,11,0.7654320987654321,0.8367346938775511,0.7884615384615384,0.7241379310344828,0.8118811881188118,0.7562997347480106,0.27586206896551724,0.21153846153846154,42,21,8,10,0.7777777777777778,0.84,0.8076923076923077,0.7241379310344828,0.8235294117647058,0.7659151193633953,0.27586206896551724,0.19230769230769232,42,21,8,10,0.7777777777777778,0.84,0.8076923076923077,0.7241379310344828,0.8235294117647058,0.7659151193633953,0.27586206896551724,0.19230769230769232
0.8341942148760331,0.8045733373786046,0.1670719209155524,0.5154916580471085,True,56,34,33,11,10,0.7613636363636364,0.7555555555555555,0.7727272727272727,0.75,0.7640449438202247,0.7613636363636364,0.25,0.22727272727272727,34,33,11,10,0.7613636363636364,0.7555555555555555,0.7727272727272727,0.75,0.7640449438202247,0.7613636363636364,0.25,0.22727272727272727,34,33,11,10,0.7613636363636364,0.7555555555555555,0.7727272727272727,0.75,0.7640449438202247,0.7613636363636364,0.25,0.22727272727272727
0.9414141414141415,0.9610601259939947,0.1074264332745446,0.3403983470640638,True,57,43,32,4,12,0.8241758241758241,0.9148936170212766,0.7818181818181819,0.8888888888888888,0.8431372549019609,0.8353535353535353,0.1111111111111111,0.21818181818181817,46,31,5,9,0.8461538461538461,0.9019607843137255,0.8363636363636363,0.8611111111111112,0.8679245283018867,0.8487373737373738,0.1388888888888889,0.16363636363636364,48,31,5,7,0.8681318681318682,0.9056603773584906,0.8727272727272727,0.8611111111111112,0.8888888888888888,0.8669191919191919,0.1388888888888889,0.12727272727272726
0.9094076655052266,0.9199145880443033,0.11495216558201263,0.37511532812482873,True,58,45,32,9,4,0.8555555555555555,0.8333333333333334,0.9183673469387755,0.7804878048780488,0.8737864077669903,0.8494275759084122,0.21951219512195122,0.08163265306122448,45,31,10,4,0.8444444444444444,0.8181818181818182,0.9183673469387755,0.7560975609756098,0.8653846153846154,0.8372324539571927,0.24390243902439024,0.08163265306122448,45,30,11,4,0.8333333333333334,0.8035714285714286,0.9183673469387755,0.7317073170731707,0.8571428571428571,0.8250373320059732,0.2682926829268293,0.08163265306122448
0.8945121951219511,0.8932834890830462,0.1301936587070737,0.4260194994906375,True,59,33,33,7,8,0.8148148148148148,0.825,0.8048780487804879,0.825,0.8148148148148149,0.8149390243902439,0.175,0.1951219512195122,36,33,7,5,0.8518518518518519,0.8372093023255814,0.8780487804878049,0.825,0.8571428571428572,0.8515243902439025,0.175,0.12195121951219512,37,33,7,4,0.8641975308641975,0.8409090909090909,0.9024390243902439,0.825,0.8705882352941177,0.863719512195122,0.175,0.0975609756097561
0.8996674057649668,0.8991205299063367,0.12957883312312082,0.40351916720055253,True,60,41,29,12,3,0.8235294117647058,0.7735849056603774,0.9318181818181818,0.7073170731707317,0.8453608247422681,0.8195676274944568,0.2926829268292683,0.06818181818181818,41,28,13,3,0.8117647058823529,0.7592592592592593,0.9318181818181818,0.6829268292682927,0.836734693877551,0.8073725055432373,0.3170731707317073,0.06818181818181818,42,27,14,2,0.8117647058823529,0.75,0.9545454545454546,0.6585365853658537,0.84,0.8065410199556542,0.34146341463414637,0.045454545454545456
0.9204440333024977,0.9072889327151835,0.12322346394844899,0.3932757689929357,True,61,44,34,12,3,0.8387096774193549,0.7857142857142857,0.9361702127659575,0.7391304347826086,0.854368932038835,0.8376503237742831,0.2608695652173913,0.06382978723404255,44,32,14,3,0.8172043010752689,0.7586206896551724,0.9361702127659575,0.6956521739130435,0.8380952380952381,0.8159111933395005,0.30434782608695654,0.06382978723404255,45,32,14,2,0.8279569892473119,0.7627118644067796,0.9574468085106383,0.6956521739130435,0.8490566037735849,0.826549491211841,0.30434782608695654,0.0425531914893617
0.9242749731471536,0.9329565887421951,0.11114759121464277,0.35848606760872814,True,62,41,32,6,8,0.8390804597701149,0.8723404255319149,0.8367346938775511,0.8421052631578947,0.8541666666666667,0.8394199785177229,0.15789473684210525,0.16326530612244897,41,32,6,8,0.8390804597701149,0.8723404255319149,0.8367346938775511,0.8421052631578947,0.8541666666666667,0.8394199785177229,0.15789473684210525,0.16326530612244897,42,32,6,7,0.8505747126436781,0.875,0.8571428571428571,0.8421052631578947,0.8659793814432989,0.849624060150376,0.15789473684210525,0.14285714285714285
0.8981912144702842,0.8850301621270256,0.13231564283823657,0.41836260472801867,True,63,38,34,11,5,0.8181818181818182,0.7755102040816326,0.8837209302325582,0.7555555555555555,0.826086956521739,0.8196382428940568,0.24444444444444444,0.11627906976744186,39,31,14,4,0.7954545454545454,0.7358490566037735,0.9069767441860465,0.6888888888888889,0.8124999999999999,0.7979328165374677,0.3111111111111111,0.09302325581395349,39,31,14,4,0.7954545454545454,0.7358490566037735,0.9069767441860465,0.6888888888888889,0.8124999999999999,0.7979328165374677,0.3111111111111111,0.09302325581395349
0.8789189189189189,0.9077252136207219,0.14407614588105908,0.4366131609723295,True,64,41,27,10,9,0.7816091954022989,0.803921568627451,0.82,0.7297297297297297,0.8118811881188118,0.7748648648648648,0.2702702702702703,0.18,42,25,12,8,0.7701149425287356,0.7777777777777778,0.84,0.6756756756756757,0.8076923076923077,0.7578378378378379,0.32432432432432434,0.16,42,25,12,8,0.7701149425287356,0.7777777777777778,0.84,0.6756756756756757,0.8076923076923077,0.7578378378378379,0.32432432432432434,0.16
0.9444444444444444,0.9528909073425584,0.1079562754535144,0.35197151111189107,True,65,37,31,5,9,0.8292682926829268,0.8809523809523809,0.8043478260869565,0.8611111111111112,0.8409090909090908,0.8327294685990339,0.1388888888888889,0.1956521739130435,38,31,5,8,0.8414634146341463,0.8837209302325582,0.8260869565217391,0.8611111111111112,0.853932584269663,0.8435990338164252,0.1388888888888889,0.17391304347826086,39,31,5,7,0.8536585365853658,0.8863636363636364,0.8478260869565217,0.8611111111111112,0.8666666666666666,0.8544685990338164,0.1388888888888889,0.15217391304347827
0.8745226404800873,0.8823433511211602,0.1362427042131358,0.4300588363910786,True,66,45,26,13,2,0.8255813953488372,0.7758620689655172,0.9574468085106383,0.6666666666666666,0.8571428571428572,0.8120567375886525,0.3333333333333333,0.0425531914893617,45,26,13,2,0.8255813953488372,0.7758620689655172,0.9574468085106383,0.6666666666666666,0.8571428571428572,0.8120567375886525,0.3333333333333333,0.0425531914893617,45,26,13,2,0.8255813953488372,0.7758620689655172,0.9574468085106383,0.6666666666666666,0.8571428571428572,0.8120567375886525,0.3333333333333333,0.0425531914893617
0.9143589743589744,0.9454636440715949,0.11551925430346903,0.3767343400332044,True,67,43,34,5,7,0.8651685393258427,0.8958333333333334,0.86,0.8717948717948718,0.8775510204081632,0.8658974358974358,0.1282051282051282,0.14,44,32,7,6,0.8539325842696629,0.8627450980392157,0.88,0.8205128205128205,0.8712871287128714,0.8502564102564103,0.1794871794871795,0.12,44,29,10,6,0.8202247191011236,0.8148148148148148,0.88,0.7435897435897436,0.8461538461538461,0.8117948717948718,0.2564102564102564,0.12
0.9213759213759214,0.9355552935359766,0.11494513722723952,0.37445229244693456,True,68,47,32,5,8,0.8586956521739131,0.9038461538461539,0.8545454545454545,0.8648648648648649,0.8785046728971962,0.8597051597051597,0.13513513513513514,0.14545454545454545,48,32,5,7,0.8695652173913043,0.9056603773584906,0.8727272727272727,0.8648648648648649,0.8888888888888888,0.8687960687960687,0.13513513513513514,0.12727272727272726,48,30,7,7,0.8478260869565217,0.8727272727272727,0.8727272727272727,0.8108108108108109,0.8727272727272727,0.8417690417690418,0.1891891891891892,0.12727272727272726
0.8856368563685636,0.877292185462143,0.13927545648506814,0.43012139094465474,True,69,39,27,14,6,0.7674418604651163,0.7358490566037735,0.8666666666666667,0.6585365853658537,0.7959183673469387,0.7626016260162602,0.34146341463414637,0.13333333333333333,41,27,14,4,0.7906976744186046,0.7454545454545455,0.9111111111111111,0.6585365853658537,0.8200000000000001,0.7848238482384824,0.34146341463414637,0.08888888888888889,42,26,15,3,0.7906976744186046,0.7368421052631579,0.9333333333333333,0.6341463414634146,0.8235294117647058,0.7837398373983739,0.36585365853658536,0.06666666666666667
0.9077380952380952,0.9377658150903644,0.12146603084825651,0.38754707298941404,True,70,45,31,5,11,0.8260869565217391,0.9,0.8035714285714286,0.8611111111111112,0.8490566037735849,0.8323412698412699,0.1388888888888889,0.19642857142857142,46,30,6,10,0.8260869565217391,0.8846153846153846,0.8214285714285714,0.8333333333333334,0.8518518518518519,0.8273809523809523,0.16666666666666666,0.17857142857142858,48,29,7,8,0.8369565217391305,0.8727272727272727,0.8571428571428571,0.8055555555555556,0.8648648648648648,0.8313492063492063,0.19444444444444445,0.14285714285714285
0.8954081632653061,0.8972124027181078,0.12914434723751592,0.40232979824548865,True,71,44,27,13,5,0.797752808988764,0.7719298245614035,0.8979591836734694,0.675,0.8301886792452831,0.7864795918367347,0.325,0.10204081632653061,45,27,13,4,0.8089887640449438,0.7758620689655172,0.9183673469387755,0.675,0.8411214953271028,0.7966836734693878,0.325,0.08163265306122448,45,26,14,4,0.797752808988764,0.7627118644067796,0.9183673469387755,0.65,0.8333333333333333,0.7841836734693878,0.35,0.08163265306122448
0.9320436507936508,0.9489616535726794,0.10374386363595764,0.33723507765867666,True,72,38,39,3,10,0.8555555555555555,0.926829268292683,0.7916666666666666,0.9285714285714286,0.8539325842696629,0.8601190476190477,0.07142857142857142,0.20833333333333334,40,37,5,8,0.8555555555555555,0.8888888888888888,0.8333333333333334,0.8809523809523809,0.8602150537634408,0.8571428571428572,0.11904761904761904,0.16666666666666666,42,36,6,6,0.8666666666666667,0.875,0.875,0.8571428571428571,0.875,0.8660714285714286,0.14285714285714285,0.125
0.8800729594163247,0.8574980485446116,0.13791208235102853,0.4393688163333008,True,73,45,32,11,6,0.8191489361702128,0.8035714285714286,0.8823529411764706,0.7441860465116279,0.8411214953271029,0.8132694938440492,0.2558139534883721,0.11764705882352941,45,31,12,6,0.8085106382978723,0.7894736842105263,0.8823529411764706,0.7209302325581395,0.8333333333333333,0.801641586867305,0.27906976744186046,0.11764705882352941,46,30,13,5,0.8085106382978723,0.7796610169491526,0.9019607843137255,0.6976744186046512,0.8363636363636364,0.7998176014591883,0.3023255813953488,0.09803921568627451
0.8969512195121951,0.8844926041153597,0.12460164250597386,0.41105283698711514,True,74,36,31,9,5,0.8271604938271605,0.8,0.8780487804878049,0.775,0.8372093023255814,0.8265243902439025,0.225,0.12195121951219512,37,29,11,4,0.8148148148148148,0.7708333333333334,0.9024390243902439,0.725,0.8314606741573034,0.813719512195122,0.275,0.0975609756097561,37,28,12,4,0.8024691358024691,0.7551020408163265,0.9024390243902439,0.7,0.8222222222222222,0.801219512195122,0.3,0.0975609756097561
0.9360465116279071,0.9290996332538826,0.10069169843836132,0.3339705264238768,True,75,39,36,7,5,0.8620689655172413,0.8478260869565217,0.8863636363636364,0.8372093023255814,0.8666666666666666,0.8617864693446089,0.16279069767441862,0.11363636363636363,42,36,7,2,0.896551724137931,0.8571428571428571,0.9545454545454546,0.8372093023255814,0.9032258064516128,0.8958773784355181,0.16279069767441862,0.045454545454545456,42,35,8,2,0.8850574712643678,0.84,0.9545454545454546,0.813953488372093,0.8936170212765958,0.8842494714587739,0.18604651162790697,0.045454545454545456
0.9325581395348838,0.9298455595340446,0.11451768438080853,0.36876667217557024,True,76,34,34,9,6,0.8192771084337349,0.7906976744186046,0.85,0.7906976744186046,0.8192771084337349,0.8203488372093023,0.20930232558139536,0.15,36,32,11,4,0.8192771084337349,0.7659574468085106,0.9,0.7441860465116279,0.8275862068965516,0.8220930232558139,0.2558139534883721,0.1,38,32,11,2,0.8433734939759037,0.7755102040816326,0.95,0.7441860465116279,0.8539325842696629,0.8470930232558139,0.2558139534883721,0.05
0.893491124260355,0.9252682605224074,0.13591328482380027,0.40633434098697774,True,77,43,30,9,9,0.8021978021978022,0.8269230769230769,0.8269230769230769,0.7692307692307693,0.8269230769230769,0.7980769230769231,0.23076923076923078,0.17307692307692307,44,29,10,8,0.8021978021978022,0.8148148148148148,0.8461538461538461,0.7435897435897436,0.830188679245283,0.7948717948717949,0.2564102564102564,0.15384615384615385,44,27,12,8,0.7802197802197802,0.7857142857142857,0.8461538461538461,0.6923076923076923,0.8148148148148148,0.7692307692307692,0.3076923076923077,0.15384615384615385
0.8697115384615385,0.8804522644012169,0.14474553893968148,0.44521777724992956,True,78,46,27,13,6,0.7934782608695652,0.7796610169491526,0.8846153846153846,0.675,0.8288288288288288,0.7798076923076923,0.325,0.11538461538461539,48,26,14,4,0.8043478260869565,0.7741935483870968,0.9230769230769231,0.65,0.8421052631578947,0.7865384615384616,0.35,0.07692307692307693,49,25,15,3,0.8043478260869565,0.765625,0.9423076923076923,0.625,0.8448275862068965,0.7836538461538461,0.375,0.057692307692307696
0.9584584584584585,0.9764457072147759,0.10535082416702052,0.3565175890174334,True,79,43,37,0,11,0.8791208791208791,1.0,0.7962962962962963,1.0,0.8865979381443299,0.8981481481481481,0.0,0.2037037037037037,44,37,0,10,0.8901098901098901,1.0,0.8148148148148148,1.0,0.8979591836734693,0.9074074074074074,0.0,0.18518518518518517,44,37,0,10,0.8901098901098901,1.0,0.8148148148148148,1.0,0.8979591836734693,0.9074074074074074,0.0,0.18518518518518517
0.9380681818181817,0.947960356684078,0.11294995604146835,0.36886950230748117,True,80,36,37,3,8,0.8690476190476191,0.9230769230769231,0.8181818181818182,0.925,0.8674698795180724,0.8715909090909091,0.075,0.18181818181818182,37,36,4,7,0.8690476190476191,0.9024390243902439,0.8409090909090909,0.9,0.8705882352941177,0.8704545454545455,0.1,0.1590909090909091,37,34,6,7,0.8452380952380952,0.8604651162790697,0.8409090909090909,0.85,0.8505747126436781,0.8454545454545455,0.15,0.1590909090909091
0.8919811320754717,0.922772493432824,0.1337537079890017,0.4100593055400883,True,81,47,29,11,6,0.8172043010752689,0.8103448275862069,0.8867924528301887,0.725,0.8468468468468469,0.8058962264150944,0.275,0.11320754716981132,49,28,12,4,0.8279569892473119,0.8032786885245902,0.9245283018867925,0.7,0.8596491228070176,0.8122641509433962,0.3,0.07547169811320754,49,25,15,4,0.7956989247311828,0.765625,0.9245283018867925,0.625,0.8376068376068376,0.7747641509433962,0.375,0.07547169811320754
0.9005681818181818,0.927352589198427,0.1267863134077982,0.40942297299070907,True,82,45,28,4,10,0.8390804597701149,0.9183673469387755,0.8181818181818182,0.875,0.8653846153846154,0.8465909090909092,0.125,0.18181818181818182,45,27,5,10,0.8275862068965517,0.9,0.8181818181818182,0.84375,0.8571428571428572,0.8309659090909092,0.15625,0.18181818181818182,46,26,6,9,0.8275862068965517,0.8846153846153846,0.8363636363636363,0.8125,0.8598130841121494,0.8244318181818182,0.1875,0.16363636363636364
0.9189044038668099,0.9402826407987593,0.11547571114018548,0.3741965070186455,True,83,43,32,6,6,0.8620689655172413,0.8775510204081632,0.8775510204081632,0.8421052631578947,0.8775510204081631,0.8598281417830289,0.15789473684210525,0.12244897959183673,43,31,7,6,0.8505747126436781,0.86,0.8775510204081632,0.8157894736842105,0.8686868686868686,0.8466702470461869,0.18421052631578946,0.12244897959183673,44,30,8,5,0.8505747126436781,0.8461538461538461,0.8979591836734694,0.7894736842105263,0.8712871287128713,0.8437164339419978,0.21052631578947367,0.10204081632653061
0.9403061224489796,0.9311766114537681,0.09998805420000294,0.33469348089880124,True,84,32,44,5,8,0.8539325842696629,0.8648648648648649,0.8,0.8979591836734694,0.8311688311688312,0.8489795918367347,0.10204081632653061,0.2,32,44,5,8,0.8539325842696629,0.8648648648648649,0.8,0.8979591836734694,0.8311688311688312,0.8489795918367347,0.10204081632653061,0.2,34,44,5,6,0.8764044943820225,0.8717948717948718,0.85,0.8979591836734694,0.8607594936708861,0.8739795918367347,0.10204081632653061,0.15
0.9705882352941176,0.9793887341896131,0.08148961207370986,0.3043611015829063,True,85,46,33,1,4,0.9404761904761905,0.9787234042553191,0.92,0.9705882352941176,0.9484536082474226,0.9452941176470588,0.029411764705882353,0.08,48,32,2,2,0.9523809523809523,0.96,0.96,0.9411764705882353,0.96,0.9505882352941176,0.058823529411764705,0.04,48,31,3,2,0.9404761904761905,0.9411764705882353,0.96,0.9117647058823529,0.9504950495049505,0.9358823529411764,0.08823529411764706,0.04
0.9155555555555556,0.9161497125240253,0.11939876681338303,0.39575467455846175,True,86,38,35,5,7,0.8588235294117647,0.8837209302325582,0.8444444444444444,0.875,0.8636363636363636,0.8597222222222223,0.125,0.15555555555555556,39,35,5,6,0.8705882352941177,0.8863636363636364,0.8666666666666667,0.875,0.8764044943820225,0.8708333333333333,0.125,0.13333333333333333,41,34,6,4,0.8823529411764706,0.8723404255319149,0.9111111111111111,0.85,0.891304347826087,0.8805555555555555,0.15,0.08888888888888889
0.920997920997921,0.9386829635717715,0.12109417565932513,0.38712295141547587,True,87,40,32,5,12,0.8089887640449438,0.8888888888888888,0.7692307692307693,0.8648648648648649,0.8247422680412372,0.817047817047817,0.13513513513513514,0.23076923076923078,42,32,5,10,0.8314606741573034,0.8936170212765957,0.8076923076923077,0.8648648648648649,0.8484848484848485,0.8362785862785863,0.13513513513513514,0.19230769230769232,43,31,6,9,0.8314606741573034,0.8775510204081632,0.8269230769230769,0.8378378378378378,0.8514851485148514,0.8323804573804574,0.16216216216216217,0.17307692307692307
0.9021464646464646,0.9020288085929945,0.11628521401582206,0.38386415859556516,True,88,38,28,8,6,0.825,0.8260869565217391,0.8636363636363636,0.7777777777777778,0.8444444444444444,0.8207070707070707,0.2222222222222222,0.13636363636363635,41,28,8,3,0.8625,0.8367346938775511,0.9318181818181818,0.7777777777777778,0.8817204301075268,0.8547979797979798,0.2222222222222222,0.06818181818181818,41,28,8,3,0.8625,0.8367346938775511,0.9318181818181818,0.7777777777777778,0.8817204301075268,0.8547979797979798,0.2222222222222222,0.06818181818181818
0.8856368563685637,0.8968335765960836,0.13182600676402947,0.4200070088944006,True,89,38,32,9,7,0.813953488372093,0.8085106382978723,0.8444444444444444,0.7804878048780488,0.8260869565217391,0.8124661246612466,0.21951219512195122,0.15555555555555556,38,32,9,7,0.813953488372093,0.8085106382978723,0.8444444444444444,0.7804878048780488,0.8260869565217391,0.8124661246612466,0.21951219512195122,0.15555555555555556,38,31,10,7,0.8023255813953488,0.7916666666666666,0.8444444444444444,0.7560975609756098,0.8172043010752689,0.800271002710027,0.24390243902439024,0.15555555555555556
0.8995098039215687,0.9226279094167621,0.12490651715829743,0.3878211730021074,True,90,45,31,9,6,0.8351648351648352,0.8333333333333334,0.8823529411764706,0.775,0.8571428571428571,0.8286764705882352,0.225,0.11764705882352941,45,31,9,6,0.8351648351648352,0.8333333333333334,0.8823529411764706,0.775,0.8571428571428571,0.8286764705882352,0.225,0.11764705882352941,45,29,11,6,0.8131868131868132,0.8035714285714286,0.8823529411764706,0.725,0.8411214953271029,0.8036764705882353,0.275,0.11764705882352941
0.9028944911297853,0.9296245073313628,0.13178900309644564,0.41765240453395097,True,91,44,32,10,7,0.8172043010752689,0.8148148148148148,0.8627450980392157,0.7619047619047619,0.838095238095238,0.8123249299719888,0.23809523809523808,0.13725490196078433,48,32,10,3,0.8602150537634409,0.8275862068965517,0.9411764705882353,0.7619047619047619,0.8807339449541284,0.8515406162464986,0.23809523809523808,0.058823529411764705,48,32,10,3,0.8602150537634409,0.8275862068965517,0.9411764705882353,0.7619047619047619,0.8807339449541284,0.8515406162464986,0.23809523809523808,0.058823529411764705
0.9264356905552917,0.9154917326146108,0.12444431999331125,0.4034557420876035,True,92,47,26,17,2,0.7934782608695652,0.734375,0.9591836734693877,0.6046511627906976,0.831858407079646,0.7819174181300427,0.3953488372093023,0.04081632653061224,49,26,17,0,0.8152173913043478,0.7424242424242424,1.0,0.6046511627906976,0.8521739130434782,0.8023255813953488,0.3953488372093023,0.0,49,22,21,0,0.7717391304347826,0.7,1.0,0.5116279069767442,0.8235294117647058,0.7558139534883721,0.4883720930232558,0.0
0.9230769230769231,0.9079426845068673,0.11668509670459809,0.38164242095253803,True,93,41,27,12,2,0.8292682926829268,0.7735849056603774,0.9534883720930233,0.6923076923076923,0.8541666666666667,0.8228980322003578,0.3076923076923077,0.046511627906976744,41,25,14,2,0.8048780487804879,0.7454545454545455,0.9534883720930233,0.6410256410256411,0.8367346938775511,0.7972570065593322,0.358974358974359,0.046511627906976744,41,25,14,2,0.8048780487804879,0.7454545454545455,0.9534883720930233,0.6410256410256411,0.8367346938775511,0.7972570065593322,0.358974358974359,0.046511627906976744
0.8915145005370569,0.9063933163829114,0.131437638620864,0.4143916201976704,True,94,41,32,6,8,0.8390804597701149,0.8723404255319149,0.8367346938775511,0.8421052631578947,0.8541666666666667,0.8394199785177229,0.15789473684210525,0.16326530612244897,42,32,6,7,0.8505747126436781,0.875,0.8571428571428571,0.8421052631578947,0.8659793814432989,0.849624060150376,0.15789473684210525,0.14285714285714285,43,30,8,6,0.8390804597701149,0.8431372549019608,0.8775510204081632,0.7894736842105263,0.86,0.8335123523093448,0.21052631578947367,0.12244897959183673
0.9125138427464009,0.9164597689910161,0.12961334352052384,0.4012720995264202,True,95,38,32,11,4,0.8235294117647058,0.7755102040816326,0.9047619047619048,0.7441860465116279,0.8351648351648353,0.8244739756367663,0.2558139534883721,0.09523809523809523,38,31,12,4,0.8117647058823529,0.76,0.9047619047619048,0.7209302325581395,0.8260869565217391,0.8128460686600221,0.27906976744186046,0.09523809523809523,38,31,12,4,0.8117647058823529,0.76,0.9047619047619048,0.7209302325581395,0.8260869565217391,0.8128460686600221,0.27906976744186046,0.09523809523809523
0.8931572629051621,0.9095790203874197,0.12624561996033648,0.39533423468805234,True,96,42,27,7,7,0.8313253012048193,0.8571428571428571,0.8571428571428571,0.7941176470588235,0.8571428571428571,0.8256302521008403,0.20588235294117646,0.14285714285714285,42,27,7,7,0.8313253012048193,0.8571428571428571,0.8571428571428571,0.7941176470588235,0.8571428571428571,0.8256302521008403,0.20588235294117646,0.14285714285714285,42,27,7,7,0.8313253012048193,0.8571428571428571,0.8571428571428571,0.7941176470588235,0.8571428571428571,0.8256302521008403,0.20588235294117646,0.14285714285714285
0.9172222222222222,0.8922650474210486,0.12942521429015028,0.4072110644451299,True,97,37,33,12,3,0.8235294117647058,0.7551020408163265,0.925,0.7333333333333333,0.8314606741573034,0.8291666666666666,0.26666666666666666,0.075,37,31,14,3,0.8,0.7254901960784313,0.925,0.6888888888888889,0.8131868131868133,0.8069444444444445,0.3111111111111111,0.075,37,29,16,3,0.7764705882352941,0.6981132075471698,0.925,0.6444444444444445,0.7956989247311829,0.7847222222222223,0.35555555555555557,0.075
0.9645933014354067,0.9761308808757082,0.08533512445478096,0.2964251783075815,True,98,48,34,4,7,0.8817204301075269,0.9230769230769231,0.8727272727272727,0.8947368421052632,0.897196261682243,0.8837320574162679,0.10526315789473684,0.12727272727272726,49,34,4,6,0.8924731182795699,0.9245283018867925,0.8909090909090909,0.8947368421052632,0.9074074074074073,0.892822966507177,0.10526315789473684,0.10909090909090909,50,34,4,5,0.9032258064516129,0.9259259259259259,0.9090909090909091,0.8947368421052632,0.9174311926605504,0.9019138755980861,0.10526315789473684,0.09090909090909091
0.8819444444444444,0.9064054146992951,0.14275832768348387,0.43484960283171353,True,99,44,32,8,10,0.8085106382978723,0.8461538461538461,0.8148148148148148,0.8,0.830188679245283,0.8074074074074074,0.2,0.18518518518518517,45,29,11,9,0.7872340425531915,0.8035714285714286,0.8333333333333334,0.725,0.8181818181818182,0.7791666666666667,0.275,0.16666666666666666,46,29,11,8,0.7978723404255319,0.8070175438596491,0.8518518518518519,0.725,0.8288288288288288,0.7884259259259259,0.275,0.14814814814814814
0.918997668997669,0.9098329807336953,0.11266108741209076,0.3655962280483039,True,100,40,31,8,4,0.8554216867469879,0.8333333333333334,0.9090909090909091,0.7948717948717948,0.8695652173913043,0.8519813519813519,0.20512820512820512,0.09090909090909091,41,30,9,3,0.8554216867469879,0.82,0.9318181818181818,0.7692307692307693,0.8723404255319149,0.8505244755244755,0.23076923076923078,0.06818181818181818,41,29,10,3,0.8433734939759037,0.803921568627451,0.9318181818181818,0.7435897435897436,0.8631578947368421,0.8377039627039626,0.2564102564102564,0.06818181818181818
0.8785714285714286,0.8455591806435953,0.1366201283160837,0.43304742169430216,True,101,39,35,7,11,0.8043478260869565,0.8478260869565217,0.78,0.8333333333333334,0.8125,0.8066666666666666,0.16666666666666666,0.22,41,33,9,9,0.8043478260869565,0.82,0.82,0.7857142857142857,0.82,0.8028571428571428,0.21428571428571427,0.18,42,33,9,8,0.8152173913043478,0.8235294117647058,0.84,0.7857142857142857,0.8316831683168315,0.8128571428571428,0.21428571428571427,0.16
0.9366515837104072,0.933133963086547,0.10232359489430942,0.33990352447762234,True,102,47,43,8,5,0.8737864077669902,0.8545454545454545,0.9038461538461539,0.8431372549019608,0.8785046728971962,0.8734917043740573,0.1568627450980392,0.09615384615384616,48,42,9,4,0.8737864077669902,0.8421052631578947,0.9230769230769231,0.8235294117647058,0.8807339449541285,0.8733031674208145,0.17647058823529413,0.07692307692307693,48,42,9,4,0.8737864077669902,0.8421052631578947,0.9230769230769231,0.8235294117647058,0.8807339449541285,0.8733031674208145,0.17647058823529413,0.07692307692307693
0.9329446064139941,0.9345682631123897,0.10450279289139704,0.3480012765808375,True,103,46,34,8,3,0.8791208791208791,0.8518518518518519,0.9387755102040817,0.8095238095238095,0.8932038834951458,0.8741496598639455,0.19047619047619047,0.061224489795918366,46,34,8,3,0.8791208791208791,0.8518518518518519,0.9387755102040817,0.8095238095238095,0.8932038834951458,0.8741496598639455,0.19047619047619047,0.061224489795918366,47,32,10,2,0.8681318681318682,0.8245614035087719,0.9591836734693877,0.7619047619047619,0.8867924528301887,0.8605442176870748,0.23809523809523808,0.04081632653061224
0.9102325581395347,0.9249275432081866,0.1177072515933411,0.3800648023936854,True,104,45,33,10,5,0.8387096774193549,0.8181818181818182,0.9,0.7674418604651163,0.8571428571428572,0.8337209302325581,0.23255813953488372,0.1,47,33,10,3,0.8602150537634409,0.8245614035087719,0.94,0.7674418604651163,0.8785046728971964,0.8537209302325581,0.23255813953488372,0.06,47,32,11,3,0.8494623655913979,0.8103448275862069,0.94,0.7441860465116279,0.8703703703703703,0.8420930232558139,0.2558139534883721,0.06
0.9258639910813824,0.8599745339869228,0.11491991808633896,0.3903879917024121,True,105,37,37,9,2,0.8705882352941177,0.8043478260869565,0.9487179487179487,0.8043478260869565,0.8705882352941177,0.8765328874024526,0.1956521739130435,0.05128205128205128,38,36,10,1,0.8705882352941177,0.7916666666666666,0.9743589743589743,0.782608695652174,0.8735632183908045,0.8784838350055741,0.21739130434782608,0.02564102564102564,39,34,12,0,0.8588235294117647,0.7647058823529411,1.0,0.7391304347826086,0.8666666666666666,0.8695652173913043,0.2608695652173913,0.0
0.9519230769230769,0.9690024757125486,0.09497001820773905,0.31733514025819526,True,106,46,30,4,6,0.8837209302325582,0.92,0.8846153846153846,0.8823529411764706,0.9019607843137256,0.8834841628959276,0.11764705882352941,0.11538461538461539,48,27,7,4,0.872093023255814,0.8727272727272727,0.9230769230769231,0.7941176470588235,0.897196261682243,0.8585972850678734,0.20588235294117646,0.07692307692307693,49,26,8,3,0.872093023255814,0.8596491228070176,0.9423076923076923,0.7647058823529411,0.8990825688073394,0.8535067873303167,0.23529411764705882,0.057692307692307696
0.9183558558558559,0.9104111512562466,0.10889414835460029,0.36401382818209016,True,107,45,28,9,3,0.8588235294117647,0.8333333333333334,0.9375,0.7567567567567568,0.8823529411764706,0.8471283783783784,0.24324324324324326,0.0625,47,27,10,1,0.8705882352941177,0.8245614035087719,0.9791666666666666,0.7297297297297297,0.8952380952380952,0.8544481981981982,0.2702702702702703,0.020833333333333332,47,26,11,1,0.8588235294117647,0.8103448275862069,0.9791666666666666,0.7027027027027027,0.8867924528301887,0.8409346846846847,0.2972972972972973,0.020833333333333332
0.8839239856189008,0.9310729557908162,0.13435603064255836,0.42082211355440174,True,108,51,25,8,8,0.8260869565217391,0.864406779661017,0.864406779661017,0.7575757575757576,0.864406779661017,0.8109912686183873,0.24242424242424243,0.13559322033898305,51,25,8,8,0.8260869565217391,0.864406779661017,0.864406779661017,0.7575757575757576,0.864406779661017,0.8109912686183873,0.24242424242424243,0.13559322033898305,52,24,9,7,0.8260869565217391,0.8524590163934426,0.8813559322033898,0.7272727272727273,0.8666666666666666,0.8043143297380586,0.2727272727272727,0.11864406779661017
0.9306122448979592,0.9443717177998904,0.11018411542727992,0.3492088758267205,True,109,41,32,8,8,0.8202247191011236,0.8367346938775511,0.8367346938775511,0.8,0.8367346938775511,0.8183673469387756,0.2,0.16326530612244897,44,32,8,5,0.8539325842696629,0.8461538461538461,0.8979591836734694,0.8,0.8712871287128713,0.8489795918367347,0.2,0.10204081632653061,44,31,9,5,0.8426966292134831,0.8301886792452831,0.8979591836734694,0.775,0.8627450980392157,0.8364795918367347,0.225,0.10204081632653061
0.921590909090909,0.9261403930741106,0.11631980331871856,0.3716755739350305,True,110,38,31,9,6,0.8214285714285714,0.8085106382978723,0.8636363636363636,0.775,0.8351648351648351,0.8193181818181818,0.225,0.13636363636363635,40,29,11,4,0.8214285714285714,0.7843137254901961,0.9090909090909091,0.725,0.8421052631578948,0.8170454545454545,0.275,0.09090909090909091,40,29,11,4,0.8214285714285714,0.7843137254901961,0.9090909090909091,0.725,0.8421052631578948,0.8170454545454545,0.275,0.09090909090909091
0.925531914893617,0.9021834740558862,0.10959708906056602,0.3550080440602872,True,111,37,38,4,10,0.8426966292134831,0.9024390243902439,0.7872340425531915,0.9047619047619048,0.8409090909090909,0.8459979736575481,0.09523809523809523,0.2127659574468085,40,36,6,7,0.8539325842696629,0.8695652173913043,0.851063829787234,0.8571428571428571,0.8602150537634409,0.8541033434650456,0.14285714285714285,0.14893617021276595,41,36,6,6,0.8651685393258427,0.8723404255319149,0.8723404255319149,0.8571428571428571,0.8723404255319149,0.8647416413373861,0.14285714285714285,0.1276595744680851
0.9207968901846453,0.8888710729309688,0.10896702210828167,0.3726418385787721,True,112,47,34,8,2,0.8901098901098901,0.8545454545454545,0.9591836734693877,0.8095238095238095,0.9038461538461537,0.8843537414965986,0.19047619047619047,0.04081632653061224,47,33,9,2,0.8791208791208791,0.8392857142857143,0.9591836734693877,0.7857142857142857,0.8952380952380952,0.8724489795918366,0.21428571428571427,0.04081632653061224,47,33,9,2,0.8791208791208791,0.8392857142857143,0.9591836734693877,0.7857142857142857,0.8952380952380952,0.8724489795918366,0.21428571428571427,0.04081632653061224
0.8575609756097561,0.8884916721464213,0.15700607565040356,0.46260387843190237,True,113,37,31,10,13,0.7472527472527473,0.7872340425531915,0.74,0.7560975609756098,0.7628865979381443,0.7480487804878049,0.24390243902439024,0.26,39,30,11,11,0.7582417582417582,0.78,0.78,0.7317073170731707,0.78,0.7558536585365854,0.2682926829268293,0.22,44,27,14,6,0.7802197802197802,0.7586206896551724,0.88,0.6585365853658537,0.8148148148148148,0.7692682926829268,0.34146341463414637,0.12
0.9693627450980393,0.976813947619185,0.08913504428187545,0.2928830280717889,True,114,39,32,2,9,0.8658536585365854,0.9512195121951219,0.8125,0.9411764705882353,0.8764044943820225,0.8768382352941176,0.058823529411764705,0.1875,40,32,2,8,0.8780487804878049,0.9523809523809523,0.8333333333333334,0.9411764705882353,0.888888888888889,0.8872549019607843,0.058823529411764705,0.16666666666666666,41,32,2,7,0.8902439024390244,0.9534883720930233,0.8541666666666666,0.9411764705882353,0.9010989010989011,0.897671568627451,0.058823529411764705,0.14583333333333334
0.9492017416545718,0.9615531770501092,0.09788547817273767,0.3302626903995357,True,115,48,30,9,5,0.8478260869565217,0.8421052631578947,0.9056603773584906,0.7692307692307693,0.8727272727272727,0.83744557329463,0.23076923076923078,0.09433962264150944,49,29,10,4,0.8478260869565217,0.8305084745762712,0.9245283018867925,0.7435897435897436,0.875,0.834059022738268,0.2564102564102564,0.07547169811320754,50,27,12,3,0.8369565217391305,0.8064516129032258,0.9433962264150944,0.6923076923076923,0.8695652173913043,0.8178519593613933,0.3076923076923077,0.05660377358490566
0.9358770535241123,0.9534038471193815,0.09809941851435972,0.33097589265189825,True,116,47,33,4,4,0.9090909090909091,0.9215686274509803,0.9215686274509803,0.8918918918918919,0.9215686274509803,0.9067302596714362,0.10810810810810811,0.0784313725490196,47,33,4,4,0.9090909090909091,0.9215686274509803,0.9215686274509803,0.8918918918918919,0.9215686274509803,0.9067302596714362,0.10810810810810811,0.0784313725490196,48,30,7,3,0.8863636363636364,0.8727272727272727,0.9411764705882353,0.8108108108108109,0.9056603773584905,0.875993640699523,0.1891891891891892,0.058823529411764705
0.9191358024691358,0.953301528020327,0.10932139915720518,0.3662000130799949,True,117,49,24,6,5,0.8690476190476191,0.8909090909090909,0.9074074074074074,0.8,0.8990825688073394,0.8537037037037037,0.2,0.09259259259259259,50,24,6,4,0.8809523809523809,0.8928571428571429,0.9259259259259259,0.8,0.9090909090909091,0.8629629629629629,0.2,0.07407407407407407,51,24,6,3,0.8928571428571429,0.8947368421052632,0.9444444444444444,0.8,0.918918918918919,0.8722222222222222,0.2,0.05555555555555555
0.9014354066985646,0.9259343789955061,0.12538928542202604,0.40189170263191876,True,118,47,31,7,8,0.8387096774193549,0.8703703703703703,0.8545454545454545,0.8157894736842105,0.8623853211009175,0.8351674641148326,0.18421052631578946,0.14545454545454545,49,28,10,6,0.8279569892473119,0.8305084745762712,0.8909090909090909,0.7368421052631579,0.8596491228070176,0.8138755980861243,0.2631578947368421,0.10909090909090909,51,27,11,4,0.8387096774193549,0.8225806451612904,0.9272727272727272,0.7105263157894737,0.8717948717948718,0.8188995215311005,0.2894736842105263,0.07272727272727272
0.899390243902439,0.9044489697746027,0.1235975809816328,0.39201633352524434,True,119,43,32,9,5,0.8426966292134831,0.8269230769230769,0.8958333333333334,0.7804878048780488,0.86,0.838160569105691,0.21951219512195122,0.10416666666666667,44,30,11,4,0.8314606741573034,0.8,0.9166666666666666,0.7317073170731707,0.854368932038835,0.8241869918699187,0.2682926829268293,0.08333333333333333,44,30,11,4,0.8314606741573034,0.8,0.9166666666666666,0.7317073170731707,0.854368932038835,0.8241869918699187,0.2682926829268293,0.08333333333333333
0.931054131054131,0.9376872418349741,0.10904358902352876,0.3512515741831081,True,120,39,32,7,6,0.8452380952380952,0.8478260869565217,0.8666666666666667,0.8205128205128205,0.8571428571428571,0.8435897435897436,0.1794871794871795,0.13333333333333333,40,31,8,5,0.8452380952380952,0.8333333333333334,0.8888888888888888,0.7948717948717948,0.8602150537634408,0.8418803418803418,0.20512820512820512,0.1111111111111111,40,31,8,5,0.8452380952380952,0.8333333333333334,0.8888888888888888,0.7948717948717948,0.8602150537634408,0.8418803418803418,0.20512820512820512,0.1111111111111111
0.9214285714285715,0.9038885846724067,0.10383906828989348,0.3575140796213788,True,121,44,35,5,5,0.8876404494382022,0.8979591836734694,0.8979591836734694,0.875,0.8979591836734694,0.8864795918367347,0.125,0.10204081632653061,45,34,6,4,0.8876404494382022,0.8823529411764706,0.9183673469387755,0.85,0.9,0.8841836734693878,0.15,0.08163265306122448,45,33,7,4,0.8764044943820225,0.8653846153846154,0.9183673469387755,0.825,0.8910891089108911,0.8716836734693878,0.175,0.08163265306122448
0.9689143950263033,0.9748579819888362,0.08091268877436399,0.28232691925997505,True,122,47,35,6,4,0.8913043478260869,0.8867924528301887,0.9215686274509803,0.8536585365853658,0.9038461538461539,0.8876135820181731,0.14634146341463414,0.0784313725490196,49,35,6,2,0.9130434782608695,0.8909090909090909,0.9607843137254902,0.8536585365853658,0.9245283018867925,0.907221425155428,0.14634146341463414,0.0392156862745098,50,35,6,1,0.9239130434782609,0.8928571428571429,0.9803921568627451,0.8536585365853658,0.9345794392523364,0.9170253467240554,0.14634146341463414,0.0196078431372549
0.9525288376220052,0.9443948573158699,0.09851895485026936,0.3366475411920075,True,123,42,41,8,4,0.8736842105263158,0.84,0.9130434782608695,0.8367346938775511,0.8749999999999999,0.8748890860692102,0.16326530612244897,0.08695652173913043,43,41,8,3,0.8842105263157894,0.8431372549019608,0.9347826086956522,0.8367346938775511,0.8865979381443299,0.8857586512866016,0.16326530612244897,0.06521739130434782,44,39,10,2,0.8736842105263158,0.8148148148148148,0.9565217391304348,0.7959183673469388,0.8800000000000001,0.8762200532386868,0.20408163265306123,0.043478260869565216
0.8819545234639574,0.9124561269507443,0.13877681970237202,0.4323543704267409,True,124,45,30,9,8,0.8152173913043478,0.8333333333333334,0.8490566037735849,0.7692307692307693,0.8411214953271028,0.809143686502177,0.23076923076923078,0.1509433962264151,46,27,12,7,0.7934782608695652,0.7931034482758621,0.8679245283018868,0.6923076923076923,0.8288288288288289,0.7801161103047896,0.3076923076923077,0.1320754716981132,46,27,12,7,0.7934782608695652,0.7931034482758621,0.8679245283018868,0.6923076923076923,0.8288288288288289,0.7801161103047896,0.3076923076923077,0.1320754716981132
0.9533333333333333,0.9473236338001905,0.08912465307338108,0.3217044958571277,True,125,44,35,1,6,0.9186046511627907,0.9777777777777777,0.88,0.9722222222222222,0.9263157894736842,0.9261111111111111,0.027777777777777776,0.12,45,35,1,5,0.9302325581395349,0.9782608695652174,0.9,0.9722222222222222,0.9375,0.9361111111111111,0.027777777777777776,0.1,45,35,1,5,0.9302325581395349,0.9782608695652174,0.9,0.9722222222222222,0.9375,0.9361111111111111,0.027777777777777776,0.1
0.9568106312292359,0.9567882767766281,0.0993781268951834,0.3318200950273485,True,126,40,33,10,2,0.8588235294117647,0.8,0.9523809523809523,0.7674418604651163,0.8695652173913043,0.8599114064230343,0.23255813953488372,0.047619047619047616,40,32,11,2,0.8470588235294118,0.7843137254901961,0.9523809523809523,0.7441860465116279,0.8602150537634408,0.8482834994462901,0.2558139534883721,0.047619047619047616,40,30,13,2,0.8235294117647058,0.7547169811320755,0.9523809523809523,0.6976744186046512,0.8421052631578947,0.8250276854928018,0.3023255813953488,0.047619047619047616
0.9362244897959184,0.9473872439754958,0.10389765324161315,0.3369755645572468,True,127,45,31,9,4,0.8539325842696629,0.8333333333333334,0.9183673469387755,0.775,0.8737864077669903,0.8466836734693878,0.225,0.08163265306122448,46,30,10,3,0.8539325842696629,0.8214285714285714,0.9387755102040817,0.75,0.8761904761904763,0.8443877551020409,0.25,0.061224489795918366,48,29,11,1,0.8651685393258427,0.8135593220338984,0.9795918367346939,0.725,0.888888888888889,0.8522959183673469,0.275,0.02040816326530612
0.9300213675213675,0.9519667371126493,0.10892934473209874,0.3529112691908676,True,128,45,29,7,7,0.8409090909090909,0.8653846153846154,0.8653846153846154,0.8055555555555556,0.8653846153846154,0.8354700854700855,0.19444444444444445,0.1346153846153846,46,28,8,6,0.8409090909090909,0.8518518518518519,0.8846153846153846,0.7777777777777778,0.8679245283018868,0.8311965811965811,0.2222222222222222,0.11538461538461539,46,28,8,6,0.8409090909090909,0.8518518518518519,0.8846153846153846,0.7777777777777778,0.8679245283018868,0.8311965811965811,0.2222222222222222,0.11538461538461539
0.92,0.9387793271194981,0.1132183981642665,0.3632746826708224,True,129,43,30,8,7,0.8295454545454546,0.8431372549019608,0.86,0.7894736842105263,0.8514851485148515,0.8247368421052632,0.21052631578947367,0.14,44,29,9,6,0.8295454545454546,0.8301886792452831,0.88,0.7631578947368421,0.8543689320388349,0.8215789473684211,0.23684210526315788,0.12,45,28,10,5,0.8295454545454546,0.8181818181818182,0.9,0.7368421052631579,0.8571428571428572,0.8184210526315789,0.2631578947368421,0.1
0.912280701754386,0.9295373452923142,0.12129922291496915,0.3829256017182284,True,130,35,32,6,7,0.8375,0.8536585365853658,0.8333333333333334,0.8421052631578947,0.8433734939759037,0.8377192982456141,0.15789473684210525,0.16666666666666666,36,31,7,6,0.8375,0.8372093023255814,0.8571428571428571,0.8157894736842105,0.8470588235294119,0.8364661654135338,0.18421052631578946,0.14285714285714285,36,30,8,6,0.825,0.8181818181818182,0.8571428571428571,0.7894736842105263,0.8372093023255814,0.8233082706766917,0.21052631578947367,0.14285714285714285
0.9093432007400555,0.9241196566897422,0.12086280534487277,0.3866335982822286,True,131,41,36,10,6,0.8279569892473119,0.803921568627451,0.8723404255319149,0.782608695652174,0.8367346938775511,0.8274745605920444,0.21739130434782608,0.1276595744680851,42,36,10,5,0.8387096774193549,0.8076923076923077,0.8936170212765957,0.782608695652174,0.8484848484848485,0.8381128584643849,0.21739130434782608,0.10638297872340426,43,36,10,4,0.8494623655913979,0.8113207547169812,0.9148936170212766,0.782608695652174,0.8600000000000001,0.8487511563367253,0.21739130434782608,0.0851063829787234
0.92,0.9355485319494744,0.1164746876656152,0.368185308279208,True,132,44,36,7,6,0.8602150537634409,0.8627450980392157,0.88,0.8372093023255814,0.8712871287128714,0.8586046511627907,0.16279069767441862,0.12,44,35,8,6,0.8494623655913979,0.8461538461538461,0.88,0.813953488372093,0.8627450980392156,0.8469767441860465,0.18604651162790697,0.12,44,33,10,6,0.8279569892473119,0.8148148148148148,0.88,0.7674418604651163,0.8461538461538461,0.8237209302325581,0.23255813953488372,0.12
0.9306122448979592,0.9210224378896198,0.10857946247710995,0.3654543508170712,True,133,42,32,3,7,0.8809523809523809,0.9333333333333333,0.8571428571428571,0.9142857142857143,0.8936170212765957,0.8857142857142857,0.08571428571428572,0.14285714285714285,42,28,7,7,0.8333333333333334,0.8571428571428571,0.8571428571428571,0.8,0.8571428571428571,0.8285714285714285,0.2,0.14285714285714285,43,28,7,6,0.8452380952380952,0.86,0.8775510204081632,0.8,0.8686868686868686,0.8387755102040817,0.2,0.12244897959183673
0.9353002070393375,0.9320749160370808,0.10482015221379776,0.34863242985861237,True,134,34,43,3,8,0.875,0.918918918918919,0.8095238095238095,0.9347826086956522,0.860759493670886,0.8721532091097308,0.06521739130434782,0.19047619047619047,34,41,5,8,0.8522727272727273,0.8717948717948718,0.8095238095238095,0.8913043478260869,0.8395061728395062,0.8504140786749482,0.10869565217391304,0.19047619047619047,36,39,7,6,0.8522727272727273,0.8372093023255814,0.8571428571428571,0.8478260869565217,0.8470588235294119,0.8524844720496894,0.15217391304347827,0.14285714285714285
0.9228723404255319,0.9398548741614097,0.13127734611768718,0.4036155029536206,True,135,44,23,17,3,0.7701149425287356,0.7213114754098361,0.9361702127659575,0.575,0.8148148148148149,0.7555851063829787,0.425,0.06382978723404255,45,22,18,2,0.7701149425287356,0.7142857142857143,0.9574468085106383,0.55,0.8181818181818182,0.7537234042553191,0.45,0.0425531914893617,46,20,20,1,0.7586206896551724,0.696969696969697,0.9787234042553191,0.5,0.8141592920353982,0.7393617021276595,0.5,0.02127659574468085
0.9301587301587302,0.9257412342067289,0.10479220383200706,0.3472457765919753,True,136,41,34,8,4,0.8620689655172413,0.8367346938775511,0.9111111111111111,0.8095238095238095,0.8723404255319148,0.8603174603174604,0.19047619047619047,0.08888888888888889,41,34,8,4,0.8620689655172413,0.8367346938775511,0.9111111111111111,0.8095238095238095,0.8723404255319148,0.8603174603174604,0.19047619047619047,0.08888888888888889,41,33,9,4,0.8505747126436781,0.82,0.9111111111111111,0.7857142857142857,0.8631578947368421,0.8484126984126984,0.21428571428571427,0.08888888888888889
0.9669811320754716,0.9737521864969381,0.0742987666185533,0.26566414340775224,True,137,47,36,4,6,0.8924731182795699,0.9215686274509803,0.8867924528301887,0.9,0.9038461538461539,0.8933962264150943,0.1,0.11320754716981132,48,35,5,5,0.8924731182795699,0.9056603773584906,0.9056603773584906,0.875,0.9056603773584906,0.8903301886792453,0.125,0.09433962264150944,49,34,6,4,0.8924731182795699,0.8909090909090909,0.9245283018867925,0.85,0.9074074074074073,0.8872641509433963,0.15,0.07547169811320754
0.9679951690821257,0.9758402578433025,0.08729218669095536,0.303187677019944,True,138,44,30,6,2,0.9024390243902439,0.88,0.9565217391304348,0.8333333333333334,0.9166666666666666,0.894927536231884,0.16666666666666666,0.043478260869565216,44,29,7,2,0.8902439024390244,0.8627450980392157,0.9565217391304348,0.8055555555555556,0.9072164948453608,0.8810386473429952,0.19444444444444445,0.043478260869565216,44,26,10,2,0.8536585365853658,0.8148148148148148,0.9565217391304348,0.7222222222222222,0.8800000000000001,0.8393719806763285,0.2777777777777778,0.043478260869565216
0.9229166666666666,0.9006412641450048,0.10758692648157292,0.36387130436498955,True,139,46,32,8,2,0.8863636363636364,0.8518518518518519,0.9583333333333334,0.8,0.9019607843137256,0.8791666666666667,0.2,0.041666666666666664,47,30,10,1,0.875,0.8245614035087719,0.9791666666666666,0.75,0.8952380952380952,0.8645833333333333,0.25,0.020833333333333332,47,27,13,1,0.8409090909090909,0.7833333333333333,0.9791666666666666,0.675,0.8703703703703703,0.8270833333333334,0.325,0.020833333333333332
0.8928571428571428,0.9087472765912878,0.1330837515253747,0.4260841159458778,True,140,42,35,7,10,0.8191489361702128,0.8571428571428571,0.8076923076923077,0.8333333333333334,0.8316831683168318,0.8205128205128205,0.16666666666666666,0.19230769230769232,43,34,8,9,0.8191489361702128,0.8431372549019608,0.8269230769230769,0.8095238095238095,0.8349514563106797,0.8182234432234432,0.19047619047619047,0.17307692307692307,45,32,10,7,0.8191489361702128,0.8181818181818182,0.8653846153846154,0.7619047619047619,0.8411214953271028,0.8136446886446886,0.23809523809523808,0.1346153846153846
0.9435374149659865,0.9587188684498695,0.11155936423451625,0.35766113730940713,True,141,39,23,12,3,0.8051948051948052,0.7647058823529411,0.9285714285714286,0.6571428571428571,0.8387096774193549,0.7928571428571429,0.34285714285714286,0.07142857142857142,39,23,12,3,0.8051948051948052,0.7647058823529411,0.9285714285714286,0.6571428571428571,0.8387096774193549,0.7928571428571429,0.34285714285714286,0.07142857142857142,40,23,12,2,0.8181818181818182,0.7692307692307693,0.9523809523809523,0.6571428571428571,0.8510638297872339,0.8047619047619048,0.34285714285714286,0.047619047619047616
0.8890350877192983,0.8948015754727596,0.13757906863985947,0.4382258697072204,True,142,46,34,6,11,0.8247422680412371,0.8846153846153846,0.8070175438596491,0.85,0.8440366972477065,0.8285087719298245,0.15,0.19298245614035087,47,32,8,10,0.8144329896907216,0.8545454545454545,0.8245614035087719,0.8,0.8392857142857144,0.812280701754386,0.2,0.17543859649122806,48,32,8,9,0.8247422680412371,0.8571428571428571,0.8421052631578947,0.8,0.8495575221238938,0.8210526315789474,0.2,0.15789473684210525
0.9091478696741855,0.916587716934349,0.12170222326129383,0.38333917259122974,True,143,37,30,8,5,0.8375,0.8222222222222222,0.8809523809523809,0.7894736842105263,0.8505747126436781,0.8352130325814536,0.21052631578947367,0.11904761904761904,39,29,9,3,0.85,0.8125,0.9285714285714286,0.7631578947368421,0.8666666666666666,0.8458646616541354,0.23684210526315788,0.07142857142857142,39,29,9,3,0.85,0.8125,0.9285714285714286,0.7631578947368421,0.8666666666666666,0.8458646616541354,0.23684210526315788,0.07142857142857142
0.9264870931537599,0.9584980219580235,0.11270338692974201,0.3653826886018305,True,144,46,26,7,8,0.8275862068965517,0.8679245283018868,0.8518518518518519,0.7878787878787878,0.8598130841121496,0.8198653198653199,0.21212121212121213,0.14814814814814814,47,26,7,7,0.8390804597701149,0.8703703703703703,0.8703703703703703,0.7878787878787878,0.8703703703703703,0.8291245791245792,0.21212121212121213,0.12962962962962962,47,26,7,7,0.8390804597701149,0.8703703703703703,0.8703703703703703,0.7878787878787878,0.8703703703703703,0.8291245791245792,0.21212121212121213,0.12962962962962962
0.928996793403573,0.9571277054365193,0.11350554034108147,0.36794793813433996,True,145,49,32,5,10,0.84375,0.9074074074074074,0.8305084745762712,0.8648648648648649,0.8672566371681415,0.847686669720568,0.13513513513513514,0.1694915254237288,51,32,5,8,0.8645833333333334,0.9107142857142857,0.864406779661017,0.8648648648648649,0.8869565217391304,0.8646358222629409,0.13513513513513514,0.13559322033898305,51,31,6,8,0.8541666666666666,0.8947368421052632,0.864406779661017,0.8378378378378378,0.8793103448275862,0.8511223087494274,0.16216216216216217,0.13559322033898305
0.9084967320261438,0.9304429372301329,0.11047879696274915,0.3617972265113711,True,146,46,28,8,5,0.8505747126436781,0.8518518518518519,0.9019607843137255,0.7777777777777778,0.8761904761904761,0.8398692810457516,0.2222222222222222,0.09803921568627451,46,28,8,5,0.8505747126436781,0.8518518518518519,0.9019607843137255,0.7777777777777778,0.8761904761904761,0.8398692810457516,0.2222222222222222,0.09803921568627451,47,28,8,4,0.8620689655172413,0.8545454545454545,0.9215686274509803,0.7777777777777778,0.8867924528301887,0.8496732026143791,0.2222222222222222,0.0784313725490196
0.9318181818181818,0.9308376528065534,0.10679620628614996,0.35516317424040855,True,147,42,27,7,2,0.8846153846153846,0.8571428571428571,0.9545454545454546,0.7941176470588235,0.9032258064516128,0.874331550802139,0.20588235294117646,0.045454545454545456,43,24,10,1,0.8589743589743589,0.8113207547169812,0.9772727272727273,0.7058823529411765,0.88659793814433,0.8415775401069518,0.29411764705882354,0.022727272727272728,44,23,11,0,0.8589743589743589,0.8,1.0,0.6764705882352942,0.888888888888889,0.8382352941176471,0.3235294117647059,0.0
0.9415584415584416,0.9551073401433448,0.10605523093717492,0.3474407615705303,True,148,51,32,12,5,0.83,0.8095238095238095,0.9107142857142857,0.7272727272727273,0.8571428571428571,0.8189935064935066,0.2727272727272727,0.08928571428571429,53,31,13,3,0.84,0.803030303030303,0.9464285714285714,0.7045454545454546,0.8688524590163934,0.825487012987013,0.29545454545454547,0.05357142857142857,55,31,13,1,0.86,0.8088235294117647,0.9821428571428571,0.7045454545454546,0.8870967741935484,0.8433441558441559,0.29545454545454547,0.017857142857142856
0.9155518394648829,0.9074309330358021,0.1162413627407484,0.374418107738926,True,149,41,40,6,11,0.826530612244898,0.8723404255319149,0.7884615384615384,0.8695652173913043,0.8282828282828283,0.8290133779264214,0.13043478260869565,0.21153846153846154,44,40,6,8,0.8571428571428571,0.88,0.8461538461538461,0.8695652173913043,0.8627450980392156,0.8578595317725752,0.13043478260869565,0.15384615384615385,44,39,7,8,0.8469387755102041,0.8627450980392157,0.8461538461538461,0.8478260869565217,0.854368932038835,0.8469899665551839,0.15217391304347827,0.15384615384615385
0.8826530612244897,0.8832682544145397,0.1359081747853408,0.4244308306819675,True,150,44,29,11,5,0.8202247191011236,0.8,0.8979591836734694,0.725,0.8461538461538463,0.8114795918367347,0.275,0.10204081632653061,44,26,14,5,0.7865168539325843,0.7586206896551724,0.8979591836734694,0.65,0.822429906542056,0.7739795918367347,0.35,0.10204081632653061,45,24,16,4,0.7752808988764045,0.7377049180327869,0.9183673469387755,0.6,0.8181818181818182,0.7591836734693878,0.4,0.08163265306122448
0.9090909090909091,0.9260438222372344,0.12148319416263834,0.3842281739672829,True,151,51,31,11,4,0.845360824742268,0.8225806451612904,0.9272727272727272,0.7380952380952381,0.8717948717948718,0.8326839826839827,0.2619047619047619,0.07272727272727272,53,31,11,2,0.865979381443299,0.828125,0.9636363636363636,0.7380952380952381,0.8907563025210083,0.8508658008658009,0.2619047619047619,0.03636363636363636,53,28,14,2,0.8350515463917526,0.7910447761194029,0.9636363636363636,0.6666666666666666,0.8688524590163933,0.8151515151515152,0.3333333333333333,0.03636363636363636
0.9484583525080533,0.9569515943442397,0.10805834780883357,0.368241076338311,True,152,48,36,5,5,0.8936170212765957,0.9056603773584906,0.9056603773584906,0.8780487804878049,0.9056603773584906,0.8918545789231478,0.12195121951219512,0.09433962264150944,49,34,7,4,0.8829787234042553,0.875,0.9245283018867925,0.8292682926829268,0.8990825688073395,0.8768982972848596,0.17073170731707318,0.07547169811320754,49,33,8,4,0.8723404255319149,0.8596491228070176,0.9245283018867925,0.8048780487804879,0.8909090909090909,0.8647031753336402,0.1951219512195122,0.07547169811320754
0.9258328095537397,0.9428089231070181,0.11092448281735898,0.36103257211080775,True,153,37,30,7,6,0.8375,0.8409090909090909,0.8604651162790697,0.8108108108108109,0.8505747126436781,0.8356379635449402,0.1891891891891892,0.13953488372093023,39,30,7,4,0.8625,0.8478260869565217,0.9069767441860465,0.8108108108108109,0.8764044943820224,0.8588937774984287,0.1891891891891892,0.09302325581395349,39,29,8,4,0.85,0.8297872340425532,0.9069767441860465,0.7837837837837838,0.8666666666666666,0.8453802639849151,0.21621621621621623,0.09302325581395349
0.8960047003525264,0.9047064494953226,0.13064381493113997,0.41479042670022986,True,154,44,25,12,2,0.8313253012048193,0.7857142857142857,0.9565217391304348,0.6756756756756757,0.8627450980392156,0.8160987074030552,0.32432432432432434,0.043478260869565216,45,24,13,1,0.8313253012048193,0.7758620689655172,0.9782608695652174,0.6486486486486487,0.8653846153846154,0.813454759106933,0.35135135135135137,0.021739130434782608,45,24,13,1,0.8313253012048193,0.7758620689655172,0.9782608695652174,0.6486486486486487,0.8653846153846154,0.813454759106933,0.35135135135135137,0.021739130434782608
0.9056064073226545,0.8851870969335179,0.11286794235393198,0.3742867496425329,True,155,42,31,7,4,0.8690476190476191,0.8571428571428571,0.9130434782608695,0.8157894736842105,0.8842105263157894,0.86441647597254,0.18421052631578946,0.08695652173913043,42,31,7,4,0.8690476190476191,0.8571428571428571,0.9130434782608695,0.8157894736842105,0.8842105263157894,0.86441647597254,0.18421052631578946,0.08695652173913043,42,30,8,4,0.8571428571428571,0.84,0.9130434782608695,0.7894736842105263,0.8749999999999999,0.8512585812356979,0.21052631578947367,0.08695652173913043
0.8797872340425532,0.8675186270286616,0.150250117465977,0.4555052873413378,True,156,35,32,15,5,0.7701149425287356,0.7,0.875,0.6808510638297872,0.7777777777777777,0.7779255319148937,0.3191489361702128,0.125,36,31,16,4,0.7701149425287356,0.6923076923076923,0.9,0.6595744680851063,0.7826086956521738,0.7797872340425531,0.3404255319148936,0.1,36,31,16,4,0.7701149425287356,0.6923076923076923,0.9,0.6595744680851063,0.7826086956521738,0.7797872340425531,0.3404255319148936,0.1
0.9336778639104221,0.9434332585412836,0.0985279018505756,0.3361673878096758,True,157,49,37,6,5,0.8865979381443299,0.8909090909090909,0.9074074074074074,0.8604651162790697,0.8990825688073394,0.8839362618432386,0.13953488372093023,0.09259259259259259,49,35,8,5,0.865979381443299,0.8596491228070176,0.9074074074074074,0.813953488372093,0.8828828828828829,0.8606804478897503,0.18604651162790697,0.09259259259259259,49,35,8,5,0.865979381443299,0.8596491228070176,0.9074074074074074,0.813953488372093,0.8828828828828829,0.8606804478897503,0.18604651162790697,0.09259259259259259
0.8764600179694519,0.9003800933761483,0.14021997477103884,0.43479796489763856,True,158,43,32,10,10,0.7894736842105263,0.8113207547169812,0.8113207547169812,0.7619047619047619,0.8113207547169812,0.7866127583108715,0.23809523809523808,0.18867924528301888,45,30,12,8,0.7894736842105263,0.7894736842105263,0.8490566037735849,0.7142857142857143,0.8181818181818182,0.7816711590296497,0.2857142857142857,0.1509433962264151,46,30,12,7,0.8,0.7931034482758621,0.8679245283018868,0.7142857142857143,0.8288288288288289,0.7911051212938005,0.2857142857142857,0.1320754716981132
0.9162248144220573,0.911942264468709,0.12639824491079257,0.391264056700889,True,159,35,34,12,6,0.7931034482758621,0.7446808510638298,0.8536585365853658,0.7391304347826086,0.7954545454545454,0.7963944856839873,0.2608695652173913,0.14634146341463414,36,32,14,5,0.7816091954022989,0.72,0.8780487804878049,0.6956521739130435,0.7912087912087912,0.7868504772004241,0.30434782608695654,0.12195121951219512,37,32,14,4,0.7931034482758621,0.7254901960784313,0.9024390243902439,0.6956521739130435,0.8043478260869564,0.7990455991516436,0.30434782608695654,0.0975609756097561
0.9303728070175439,0.9461435972876543,0.10264085153939141,0.34629516116849285,True,160,44,33,5,4,0.8953488372093024,0.8979591836734694,0.9166666666666666,0.868421052631579,0.9072164948453607,0.8925438596491229,0.13157894736842105,0.08333333333333333,44,33,5,4,0.8953488372093024,0.8979591836734694,0.9166666666666666,0.868421052631579,0.9072164948453607,0.8925438596491229,0.13157894736842105,0.08333333333333333,44,33,5,4,0.8953488372093024,0.8979591836734694,0.9166666666666666,0.868421052631579,0.9072164948453607,0.8925438596491229,0.13157894736842105,0.08333333333333333
0.9025054466230937,0.9264307666967212,0.12284721042934342,0.385461548517029,True,161,44,27,9,7,0.8160919540229885,0.8301886792452831,0.8627450980392157,0.75,0.8461538461538461,0.8063725490196079,0.25,0.13725490196078433,45,27,9,6,0.8275862068965517,0.8333333333333334,0.8823529411764706,0.75,0.8571428571428571,0.8161764705882353,0.25,0.11764705882352941,46,27,9,5,0.8390804597701149,0.8363636363636363,0.9019607843137255,0.75,0.8679245283018867,0.8259803921568627,0.25,0.09803921568627451
0.92616899097621,0.9310248156083453,0.11024769246856168,0.35465235164987474,True,162,48,35,11,5,0.8383838383838383,0.8135593220338984,0.9056603773584906,0.7608695652173914,0.8571428571428572,0.833264971287941,0.2391304347826087,0.09433962264150944,48,33,13,5,0.8181818181818182,0.7868852459016393,0.9056603773584906,0.717391304347826,0.8421052631578947,0.8115258408531583,0.2826086956521739,0.09433962264150944,50,32,14,3,0.8282828282828283,0.78125,0.9433962264150944,0.6956521739130435,0.8547008547008547,0.8195242001640689,0.30434782608695654,0.05660377358490566
0.9545700378583017,0.9557195220281249,0.09689835194013505,0.33270039169773347,True,163,39,39,4,4,0.9069767441860465,0.9069767441860465,0.9069767441860465,0.9069767441860465,0.9069767441860465,0.9069767441860465,0.09302325581395349,0.09302325581395349,39,36,7,4,0.872093023255814,0.8478260869565217,0.9069767441860465,0.8372093023255814,0.8764044943820224,0.872093023255814,0.16279069767441862,0.09302325581395349,40,36,7,3,0.8837209302325582,0.851063829787234,0.9302325581395349,0.8372093023255814,0.888888888888889,0.8837209302325582,0.16279069767441862,0.06976744186046512
0.9085497835497836,0.9053250860732444,0.12679443053579778,0.39583287612048557,True,164,39,31,11,5,0.813953488372093,0.78,0.8863636363636364,0.7380952380952381,0.8297872340425532,0.8122294372294372,0.2619047619047619,0.11363636363636363,39,30,12,5,0.8023255813953488,0.7647058823529411,0.8863636363636364,0.7142857142857143,0.8210526315789474,0.8003246753246753,0.2857142857142857,0.11363636363636363,40,30,12,4,0.813953488372093,0.7692307692307693,0.9090909090909091,0.7142857142857143,0.8333333333333333,0.8116883116883117,0.2857142857142857,0.09090909090909091
0.9067717996289425,0.9085513811218935,0.12131673532858056,0.3846728898916526,True,165,41,35,9,8,0.8172043010752689,0.82,0.8367346938775511,0.7954545454545454,0.8282828282828283,0.8160946196660482,0.20454545454545456,0.16326530612244897,43,33,11,6,0.8172043010752689,0.7962962962962963,0.8775510204081632,0.75,0.8349514563106796,0.8137755102040816,0.25,0.12244897959183673,44,32,12,5,0.8172043010752689,0.7857142857142857,0.8979591836734694,0.7272727272727273,0.838095238095238,0.8126159554730983,0.2727272727272727,0.10204081632653061
0.9352648257129923,0.9343535681836359,0.11461904554262592,0.3697822378321793,True,166,44,34,13,3,0.8297872340425532,0.7719298245614035,0.9361702127659575,0.723404255319149,0.8461538461538461,0.8297872340425532,0.2765957446808511,0.06382978723404255,44,32,15,3,0.8085106382978723,0.7457627118644068,0.9361702127659575,0.6808510638297872,0.8301886792452831,0.8085106382978724,0.3191489361702128,0.06382978723404255,44,32,15,3,0.8085106382978723,0.7457627118644068,0.9361702127659575,0.6808510638297872,0.8301886792452831,0.8085106382978724,0.3191489361702128,0.06382978723404255
0.9401165871754107,0.9572490741336814,0.10570319173511362,0.346107470833454,True,167,47,30,7,4,0.875,0.8703703703703703,0.9215686274509803,0.8108108108108109,0.8952380952380952,0.8661897191308956,0.1891891891891892,0.0784313725490196,47,28,9,4,0.8522727272727273,0.8392857142857143,0.9215686274509803,0.7567567567567568,0.8785046728971961,0.8391626921038686,0.24324324324324326,0.0784313725490196,47,27,10,4,0.8409090909090909,0.8245614035087719,0.9215686274509803,0.7297297297297297,0.8703703703703703,0.825649178590355,0.2702702702702703,0.0784313725490196
0.9145063430777717,0.9216510825680496,0.11349143185280947,0.37419739425142207,True,168,45,32,5,4,0.8953488372093024,0.9,0.9183673469387755,0.8648648648648649,0.9090909090909091,0.8916161059018202,0.13513513513513514,0.08163265306122448,45,31,6,4,0.8837209302325582,0.8823529411764706,0.9183673469387755,0.8378378378378378,0.9,0.8781025923883067,0.16216216216216217,0.08163265306122448,45,30,7,4,0.872093023255814,0.8653846153846154,0.9183673469387755,0.8108108108108109,0.8910891089108911,0.8645890788747932,0.1891891891891892,0.08163265306122448
0.9227513227513228,0.9354657558154187,0.11839268272160025,0.38740234735394563,True,169,40,33,9,5,0.8390804597701149,0.8163265306122449,0.8888888888888888,0.7857142857142857,0.851063829787234,0.8373015873015872,0.21428571428571427,0.1111111111111111,42,31,11,3,0.8390804597701149,0.7924528301886793,0.9333333333333333,0.7380952380952381,0.8571428571428572,0.8357142857142857,0.2619047619047619,0.06666666666666667,42,30,12,3,0.8275862068965517,0.7777777777777778,0.9333333333333333,0.7142857142857143,0.8484848484848485,0.8238095238095238,0.2857142857142857,0.06666666666666667
0.8858974358974359,0.8708558645466753,0.12853157214910543,0.41868501935264923,True,170,48,32,13,4,0.8247422680412371,0.7868852459016393,0.9230769230769231,0.7111111111111111,0.8495575221238939,0.8170940170940171,0.28888888888888886,0.07692307692307693,49,31,14,3,0.8247422680412371,0.7777777777777778,0.9423076923076923,0.6888888888888889,0.8521739130434781,0.8155982905982906,0.3111111111111111,0.057692307692307696,49,30,15,3,0.8144329896907216,0.765625,0.9423076923076923,0.6666666666666666,0.8448275862068965,0.8044871794871795,0.3333333333333333,0.057692307692307696
0.883720930232558,0.89545627586413,0.14133595952694883,0.4344134963722715,True,171,40,36,7,11,0.8085106382978723,0.851063829787234,0.7843137254901961,0.8372093023255814,0.8163265306122448,0.8107615139078888,0.16279069767441862,0.21568627450980393,42,35,8,9,0.8191489361702128,0.84,0.8235294117647058,0.813953488372093,0.8316831683168315,0.8187414500683994,0.18604651162790697,0.17647058823529413,42,34,9,9,0.8085106382978723,0.8235294117647058,0.8235294117647058,0.7906976744186046,0.8235294117647058,0.8071135430916552,0.20930232558139536,0.17647058823529413
0.925,0.9129374286536424,0.1180840650181207,0.37733942451677965,True,172,33,41,6,7,0.8505747126436781,0.8461538461538461,0.825,0.8723404255319149,0.8354430379746836,0.8486702127659574,0.1276595744680851,0.175,35,41,6,5,0.8735632183908046,0.8536585365853658,0.875,0.8723404255319149,0.8641975308641976,0.8736702127659575,0.1276595744680851,0.125,36,38,9,4,0.8505747126436781,0.8,0.9,0.8085106382978723,0.8470588235294118,0.8542553191489362,0.19148936170212766,0.1
0.9084249084249083,0.9321103231647594,0.12233343926518306,0.3899382815814718,True,173,43,36,6,9,0.8404255319148937,0.8775510204081632,0.8269230769230769,0.8571428571428571,0.8514851485148514,0.8420329670329669,0.14285714285714285,0.17307692307692307,44,35,7,8,0.8404255319148937,0.8627450980392157,0.8461538461538461,0.8333333333333334,0.854368932038835,0.8397435897435898,0.16666666666666666,0.15384615384615385,44,34,8,8,0.8297872340425532,0.8461538461538461,0.8461538461538461,0.8095238095238095,0.8461538461538461,0.8278388278388278,0.19047619047619047,0.15384615384615385
0.9453044375644994,0.9593253645905189,0.09124230667561958,0.31052175113773844,True,174,52,30,4,5,0.9010989010989011,0.9285714285714286,0.9122807017543859,0.8823529411764706,0.9203539823008849,0.8973168214654282,0.11764705882352941,0.08771929824561403,53,29,5,4,0.9010989010989011,0.9137931034482759,0.9298245614035088,0.8529411764705882,0.9217391304347825,0.8913828689370484,0.14705882352941177,0.07017543859649122,53,29,5,4,0.9010989010989011,0.9137931034482759,0.9298245614035088,0.8529411764705882,0.9217391304347825,0.8913828689370484,0.14705882352941177,0.07017543859649122
0.9160206718346253,0.9221462857598836,0.11216841292023316,0.3747452342791341,True,175,36,31,5,7,0.8481012658227848,0.8780487804878049,0.8372093023255814,0.8611111111111112,0.8571428571428572,0.8491602067183464,0.1388888888888889,0.16279069767441862,37,31,5,6,0.8607594936708861,0.8809523809523809,0.8604651162790697,0.8611111111111112,0.8705882352941177,0.8607881136950905,0.1388888888888889,0.13953488372093023,38,29,7,5,0.8481012658227848,0.8444444444444444,0.8837209302325582,0.8055555555555556,0.8636363636363636,0.8446382428940569,0.19444444444444445,0.11627906976744186
0.9166666666666667,0.905644634258648,0.1189272763715882,0.3810539343688253,True,176,36,34,5,12,0.8045977011494253,0.8780487804878049,0.75,0.8717948717948718,0.8089887640449439,0.8108974358974359,0.1282051282051282,0.25,38,34,5,10,0.8275862068965517,0.8837209302325582,0.7916666666666666,0.8717948717948718,0.8351648351648352,0.8317307692307692,0.1282051282051282,0.20833333333333334,39,34,5,9,0.8390804597701149,0.8863636363636364,0.8125,0.8717948717948718,0.8478260869565218,0.8421474358974359,0.1282051282051282,0.1875
0.89737108190091,0.87014270522664,0.1456019454047201,0.44954864602789313,True,177,40,30,16,3,0.7865168539325843,0.7142857142857143,0.9302325581395349,0.6521739130434783,0.8080808080808081,0.7912032355915066,0.34782608695652173,0.06976744186046512,41,28,18,2,0.7752808988764045,0.6949152542372882,0.9534883720930233,0.6086956521739131,0.803921568627451,0.7810920121334681,0.391304347826087,0.046511627906976744,42,27,19,1,0.7752808988764045,0.6885245901639344,0.9767441860465116,0.5869565217391305,0.8076923076923077,0.781850353892821,0.41304347826086957,0.023255813953488372
0.9105731225296442,0.909260219080043,0.11962716285295391,0.3906099108512991,True,178,43,36,8,3,0.8777777777777778,0.8431372549019608,0.9347826086956522,0.8181818181818182,0.8865979381443299,0.8764822134387352,0.18181818181818182,0.06521739130434782,43,34,10,3,0.8555555555555555,0.8113207547169812,0.9347826086956522,0.7727272727272727,0.8686868686868686,0.8537549407114624,0.22727272727272727,0.06521739130434782,43,33,11,3,0.8444444444444444,0.7962962962962963,0.9347826086956522,0.75,0.8599999999999999,0.8423913043478262,0.25,0.06521739130434782
0.901039089559624,0.9013065776962996,0.13174854251335105,0.41642735575843887,True,179,42,31,12,5,0.8111111111111111,0.7777777777777778,0.8936170212765957,0.7209302325581395,0.8316831683168316,0.8072736269173676,0.27906976744186046,0.10638297872340426,42,29,14,5,0.7888888888888889,0.75,0.8936170212765957,0.6744186046511628,0.8155339805825244,0.7840178129638793,0.32558139534883723,0.10638297872340426,44,29,14,3,0.8111111111111111,0.7586206896551724,0.9361702127659575,0.6744186046511628,0.8380952380952381,0.8052944087085601,0.32558139534883723,0.06382978723404255
0.9506118881118881,0.9555759452723869,0.09685740061649727,0.3276594150768579,True,180,43,41,3,9,0.875,0.9347826086956522,0.8269230769230769,0.9318181818181818,0.8775510204081632,0.8793706293706294,0.06818181818181818,0.17307692307692307,44,41,3,8,0.8854166666666666,0.9361702127659575,0.8461538461538461,0.9318181818181818,0.8888888888888888,0.888986013986014,0.06818181818181818,0.15384615384615385,45,40,4,7,0.8854166666666666,0.9183673469387755,0.8653846153846154,0.9090909090909091,0.8910891089108911,0.8872377622377623,0.09090909090909091,0.1346153846153846
0.9382151029748285,0.9451973122813566,0.10518368961060745,0.3571820072363077,True,181,40,34,4,6,0.8809523809523809,0.9090909090909091,0.8695652173913043,0.8947368421052632,0.888888888888889,0.8821510297482837,0.10526315789473684,0.13043478260869565,41,34,4,5,0.8928571428571429,0.9111111111111111,0.8913043478260869,0.8947368421052632,0.9010989010989011,0.8930205949656751,0.10526315789473684,0.10869565217391304,42,33,5,4,0.8928571428571429,0.8936170212765957,0.9130434782608695,0.868421052631579,0.9032258064516129,0.8907322654462242,0.13157894736842105,0.08695652173913043
0.9079079079079079,0.9364959083195139,0.12119696270055326,0.38222100021552274,True,182,48,28,9,6,0.8351648351648352,0.8421052631578947,0.8888888888888888,0.7567567567567568,0.8648648648648649,0.8228228228228228,0.24324324324324326,0.1111111111111111,48,27,10,6,0.8241758241758241,0.8275862068965517,0.8888888888888888,0.7297297297297297,0.8571428571428572,0.8093093093093093,0.2702702702702703,0.1111111111111111,48,27,10,6,0.8241758241758241,0.8275862068965517,0.8888888888888888,0.7297297297297297,0.8571428571428572,0.8093093093093093,0.2702702702702703,0.1111111111111111
0.8925581395348836,0.9092813584574051,0.13418611719280732,0.4147720648941962,True,183,45,30,13,5,0.8064516129032258,0.7758620689655172,0.9,0.6976744186046512,0.8333333333333334,0.7988372093023256,0.3023255813953488,0.1,47,30,13,3,0.8279569892473119,0.7833333333333333,0.94,0.6976744186046512,0.8545454545454546,0.8188372093023255,0.3023255813953488,0.06,47,29,14,3,0.8172043010752689,0.7704918032786885,0.94,0.6744186046511628,0.8468468468468469,0.8072093023255813,0.32558139534883723,0.06
0.9043189368770763,0.9227032769524277,0.13155462111846575,0.41049903030862167,True,184,41,23,12,2,0.8205128205128205,0.7735849056603774,0.9534883720930233,0.6571428571428571,0.8541666666666667,0.8053156146179402,0.34285714285714286,0.046511627906976744,41,23,12,2,0.8205128205128205,0.7735849056603774,0.9534883720930233,0.6571428571428571,0.8541666666666667,0.8053156146179402,0.34285714285714286,0.046511627906976744,41,22,13,2,0.8076923076923077,0.7592592592592593,0.9534883720930233,0.6285714285714286,0.845360824742268,0.7910299003322259,0.37142857142857144,0.046511627906976744
0.9292763157894737,0.9484646758960256,0.10841721259110809,0.36244664805459453,True,185,43,32,6,5,0.872093023255814,0.8775510204081632,0.8958333333333334,0.8421052631578947,0.8865979381443299,0.8689692982456141,0.15789473684210525,0.10416666666666667,44,30,8,4,0.8604651162790697,0.8461538461538461,0.9166666666666666,0.7894736842105263,0.8799999999999999,0.8530701754385965,0.21052631578947367,0.08333333333333333,44,29,9,4,0.8488372093023255,0.8301886792452831,0.9166666666666666,0.7631578947368421,0.8712871287128713,0.8399122807017544,0.23684210526315788,0.08333333333333333
0.9442508710801394,0.9493164815428257,0.09736053293717231,0.3253328026909903,True,186,47,32,9,2,0.8777777777777778,0.8392857142857143,0.9591836734693877,0.7804878048780488,0.8952380952380952,0.8698357391737183,0.21951219512195122,0.04081632653061224,48,30,11,1,0.8666666666666667,0.8135593220338984,0.9795918367346939,0.7317073170731707,0.888888888888889,0.8556495769039323,0.2682926829268293,0.02040816326530612,48,30,11,1,0.8666666666666667,0.8135593220338984,0.9795918367346939,0.7317073170731707,0.888888888888889,0.8556495769039323,0.2682926829268293,0.02040816326530612
0.9376208897485493,0.9470042165377397,0.09501461586858534,0.3227823557816037,True,187,44,37,7,3,0.8901098901098901,0.8627450980392157,0.9361702127659575,0.8409090909090909,0.8979591836734694,0.8885396518375241,0.1590909090909091,0.06382978723404255,44,37,7,3,0.8901098901098901,0.8627450980392157,0.9361702127659575,0.8409090909090909,0.8979591836734694,0.8885396518375241,0.1590909090909091,0.06382978723404255,44,37,7,3,0.8901098901098901,0.8627450980392157,0.9361702127659575,0.8409090909090909,0.8979591836734694,0.8885396518375241,0.1590909090909091,0.06382978723404255
0.9251428571428572,0.9511626280669274,0.12035635575899181,0.39045082572787954,True,188,40,30,5,10,0.8235294117647058,0.8888888888888888,0.8,0.8571428571428571,0.8421052631578948,0.8285714285714285,0.14285714285714285,0.2,41,29,6,9,0.8235294117647058,0.8723404255319149,0.82,0.8285714285714286,0.8453608247422681,0.8242857142857143,0.17142857142857143,0.18,43,29,6,7,0.8470588235294118,0.8775510204081632,0.86,0.8285714285714286,0.8686868686868686,0.8442857142857143,0.17142857142857143,0.14
0.9165687426556992,0.9335428062989245,0.11827606968598196,0.3847079737882525,True,189,35,33,4,11,0.8192771084337349,0.8974358974358975,0.7608695652173914,0.8918918918918919,0.8235294117647058,0.8263807285546416,0.10810810810810811,0.2391304347826087,38,33,4,8,0.8554216867469879,0.9047619047619048,0.8260869565217391,0.8918918918918919,0.8636363636363636,0.8589894242068155,0.10810810810810811,0.17391304347826086,39,33,4,7,0.8674698795180723,0.9069767441860465,0.8478260869565217,0.8918918918918919,0.8764044943820224,0.8698589894242068,0.10810810810810811,0.15217391304347827
0.9171099290780141,0.8888546941005069,0.11038668886599341,0.37132153519541355,True,190,46,37,10,2,0.8736842105263158,0.8214285714285714,0.9583333333333334,0.7872340425531915,0.8846153846153847,0.8727836879432624,0.2127659574468085,0.041666666666666664,46,35,12,2,0.8526315789473684,0.7931034482758621,0.9583333333333334,0.7446808510638298,0.8679245283018867,0.8515070921985816,0.2553191489361702,0.041666666666666664,46,35,12,2,0.8526315789473684,0.7931034482758621,0.9583333333333334,0.7446808510638298,0.8679245283018867,0.8515070921985816,0.2553191489361702,0.041666666666666664
0.9052154195011338,0.9212677565660234,0.13079477872520792,0.4100538204303939,True,191,45,32,13,4,0.8191489361702128,0.7758620689655172,0.9183673469387755,0.7111111111111111,0.8411214953271028,0.8147392290249433,0.28888888888888886,0.08163265306122448,45,32,13,4,0.8191489361702128,0.7758620689655172,0.9183673469387755,0.7111111111111111,0.8411214953271028,0.8147392290249433,0.28888888888888886,0.08163265306122448,46,30,15,3,0.8085106382978723,0.7540983606557377,0.9387755102040817,0.6666666666666666,0.8363636363636363,0.8027210884353742,0.3333333333333333,0.061224489795918366
0.8877777777777778,0.8639180040818799,0.12986664957182567,0.41851297727018644,True,192,44,26,14,1,0.8235294117647058,0.7586206896551724,0.9777777777777777,0.65,0.854368932038835,0.8138888888888889,0.35,0.022222222222222223,45,26,14,0,0.8352941176470589,0.7627118644067796,1.0,0.65,0.8653846153846153,0.825,0.35,0.0,45,26,14,0,0.8352941176470589,0.7627118644067796,1.0,0.65,0.8653846153846153,0.825,0.35,0.0
0.9291208791208792,0.9343347221356167,0.09725118178011419,0.3293476801576225,True,193,46,31,4,6,0.8850574712643678,0.92,0.8846153846153846,0.8857142857142857,0.9019607843137256,0.8851648351648351,0.11428571428571428,0.11538461538461539,46,31,4,6,0.8850574712643678,0.92,0.8846153846153846,0.8857142857142857,0.9019607843137256,0.8851648351648351,0.11428571428571428,0.11538461538461539,47,30,5,5,0.8850574712643678,0.9038461538461539,0.9038461538461539,0.8571428571428571,0.9038461538461539,0.8804945054945055,0.14285714285714285,0.09615384615384616
0.8970718722271518,0.9003978949546014,0.13414624001724557,0.42410517968799716,True,194,44,34,12,5,0.8210526315789474,0.7857142857142857,0.8979591836734694,0.7391304347826086,0.838095238095238,0.818544809228039,0.2608695652173913,0.10204081632653061,45,33,13,4,0.8210526315789474,0.7758620689655172,0.9183673469387755,0.717391304347826,0.8411214953271028,0.8178793256433008,0.2826086956521739,0.08163265306122448,45,32,14,4,0.8105263157894737,0.7627118644067796,0.9183673469387755,0.6956521739130435,0.8333333333333333,0.8070097604259094,0.30434782608695654,0.08163265306122448
0.9053643724696356,0.9306862070191662,0.12473128851414883,0.3989196791550249,True,195,45,27,11,7,0.8,0.8035714285714286,0.8653846153846154,0.7105263157894737,0.8333333333333334,0.7879554655870445,0.2894736842105263,0.1346153846153846,45,26,12,7,0.7888888888888889,0.7894736842105263,0.8653846153846154,0.6842105263157895,0.8256880733944955,0.7747975708502024,0.3157894736842105,0.1346153846153846,46,26,12,6,0.8,0.7931034482758621,0.8846153846153846,0.6842105263157895,0.8363636363636363,0.784412955465587,0.3157894736842105,0.11538461538461539
0.9361702127659575,0.9434689724666216,0.11649284776699982,0.35596260583541867,True,196,43,36,11,4,0.8404255319148937,0.7962962962962963,0.9148936170212766,0.7659574468085106,0.8514851485148516,0.8404255319148937,0.23404255319148937,0.0851063829787234,43,34,13,4,0.8191489361702128,0.7678571428571429,0.9148936170212766,0.723404255319149,0.8349514563106796,0.8191489361702128,0.2765957446808511,0.0851063829787234,44,32,15,3,0.8085106382978723,0.7457627118644068,0.9361702127659575,0.6808510638297872,0.8301886792452831,0.8085106382978724,0.3191489361702128,0.06382978723404255
0.9134134134134134,0.9290801220074346,0.11367876630778952,0.3703581163310993,True,197,46,31,6,8,0.8461538461538461,0.8846153846153846,0.8518518518518519,0.8378378378378378,0.8679245283018868,0.8448448448448449,0.16216216216216217,0.14814814814814814,46,31,6,8,0.8461538461538461,0.8846153846153846,0.8518518518518519,0.8378378378378378,0.8679245283018868,0.8448448448448449,0.16216216216216217,0.14814814814814814,48,30,7,6,0.8571428571428571,0.8727272727272727,0.8888888888888888,0.8108108108108109,0.8807339449541284,0.8498498498498499,0.1891891891891892,0.1111111111111111
0.9622641509433962,0.9759901558945807,0.10447124395827882,0.341692845315153,True,198,43,30,2,10,0.8588235294117647,0.9555555555555556,0.8113207547169812,0.9375,0.8775510204081634,0.8744103773584906,0.0625,0.18867924528301888,43,30,2,10,0.8588235294117647,0.9555555555555556,0.8113207547169812,0.9375,0.8775510204081634,0.8744103773584906,0.0625,0.18867924528301888,43,30,2,10,0.8588235294117647,0.9555555555555556,0.8113207547169812,0.9375,0.8775510204081634,0.8744103773584906,0.0625,0.18867924528301888
0.9741230592294422,0.9801443359022524,0.08230080261869716,0.2880950069147525,True,199,42,34,3,5,0.9047619047619048,0.9333333333333333,0.8936170212765957,0.918918918918919,0.9130434782608695,0.9062679700977574,0.08108108108108109,0.10638297872340426,42,33,4,5,0.8928571428571429,0.9130434782608695,0.8936170212765957,0.8918918918918919,0.9032258064516129,0.8927544565842438,0.10810810810810811,0.10638297872340426,42,33,4,5,0.8928571428571429,0.9130434782608695,0.8936170212765957,0.8918918918918919,0.9032258064516129,0.8927544565842438,0.10810810810810811,0.10638297872340426
0.9239341085271318,0.9339746274651461,0.12350564110886664,0.38915966258119683,True,200,38,35,13,5,0.8021978021978022,0.7450980392156863,0.8837209302325582,0.7291666666666666,0.8085106382978724,0.8064437984496124,0.2708333333333333,0.11627906976744186,38,33,15,5,0.7802197802197802,0.7169811320754716,0.8837209302325582,0.6875,0.7916666666666666,0.7856104651162791,0.3125,0.11627906976744186,40,31,17,3,0.7802197802197802,0.7017543859649122,0.9302325581395349,0.6458333333333334,0.8,0.7880329457364341,0.3541666666666667,0.06976744186046512
0.9358465608465608,0.9323020952187984,0.09743548376002428,0.3276114719149307,True,201,37,29,7,5,0.8461538461538461,0.8409090909090909,0.8809523809523809,0.8055555555555556,0.8604651162790699,0.8432539682539683,0.19444444444444445,0.11904761904761904,40,29,7,2,0.8846153846153846,0.851063829787234,0.9523809523809523,0.8055555555555556,0.898876404494382,0.878968253968254,0.19444444444444445,0.047619047619047616,40,29,7,2,0.8846153846153846,0.851063829787234,0.9523809523809523,0.8055555555555556,0.898876404494382,0.878968253968254,0.19444444444444445,0.047619047619047616
0.8755482456140351,0.8873872713654546,0.14304288889520508,0.4421675450146843,True,202,43,26,12,5,0.8023255813953488,0.7818181818181819,0.8958333333333334,0.6842105263157895,0.8349514563106797,0.7900219298245614,0.3157894736842105,0.10416666666666667,43,26,12,5,0.8023255813953488,0.7818181818181819,0.8958333333333334,0.6842105263157895,0.8349514563106797,0.7900219298245614,0.3157894736842105,0.10416666666666667,43,26,12,5,0.8023255813953488,0.7818181818181819,0.8958333333333334,0.6842105263157895,0.8349514563106797,0.7900219298245614,0.3157894736842105,0.10416666666666667
0.8883547008547008,0.9006214272706454,0.12554657906068245,0.4021555714918618,True,203,46,27,9,6,0.8295454545454546,0.8363636363636363,0.8846153846153846,0.75,0.8598130841121494,0.8173076923076923,0.25,0.11538461538461539,46,26,10,6,0.8181818181818182,0.8214285714285714,0.8846153846153846,0.7222222222222222,0.8518518518518519,0.8034188034188035,0.2777777777777778,0.11538461538461539,46,26,10,6,0.8181818181818182,0.8214285714285714,0.8846153846153846,0.7222222222222222,0.8518518518518519,0.8034188034188035,0.2777777777777778,0.11538461538461539
0.88743961352657,0.8914623002369021,0.14452821065207816,0.438194606681824,True,204,41,33,13,4,0.8131868131868132,0.7592592592592593,0.9111111111111111,0.717391304347826,0.8282828282828282,0.8142512077294686,0.2826086956521739,0.08888888888888889,43,30,16,2,0.8021978021978022,0.7288135593220338,0.9555555555555556,0.6521739130434783,0.8269230769230769,0.8038647342995169,0.34782608695652173,0.044444444444444446,43,29,17,2,0.7912087912087912,0.7166666666666667,0.9555555555555556,0.6304347826086957,0.8190476190476191,0.7929951690821256,0.3695652173913043,0.044444444444444446
0.9081693500298151,0.9149376176920855,0.1247249349051072,0.39508105281581,True,205,35,33,6,8,0.8292682926829268,0.8536585365853658,0.813953488372093,0.8461538461538461,0.8333333333333333,0.8300536672629696,0.15384615384615385,0.18604651162790697,36,32,7,7,0.8292682926829268,0.8372093023255814,0.8372093023255814,0.8205128205128205,0.8372093023255814,0.8288610614192009,0.1794871794871795,0.16279069767441862,39,32,7,4,0.8658536585365854,0.8478260869565217,0.9069767441860465,0.8205128205128205,0.8764044943820224,0.8637447823494335,0.1794871794871795,0.09302325581395349
0.8825000000000001,0.9107616842590112,0.1269366537286886,0.40557344688114255,True,206,46,24,8,4,0.8536585365853658,0.8518518518518519,0.92,0.75,0.8846153846153846,0.835,0.25,0.08,46,24,8,4,0.8536585365853658,0.8518518518518519,0.92,0.75,0.8846153846153846,0.835,0.25,0.08,46,23,9,4,0.8414634146341463,0.8363636363636363,0.92,0.71875,0.8761904761904761,0.819375,0.28125,0.08
0.8764880952380952,0.8593823542969778,0.13830048057313726,0.4317274857672922,True,207,37,34,8,11,0.7888888888888889,0.8222222222222222,0.7708333333333334,0.8095238095238095,0.7956989247311829,0.7901785714285714,0.19047619047619047,0.22916666666666666,39,33,9,9,0.8,0.8125,0.8125,0.7857142857142857,0.8125,0.7991071428571428,0.21428571428571427,0.1875,39,32,10,9,0.7888888888888889,0.7959183673469388,0.8125,0.7619047619047619,0.8041237113402061,0.7872023809523809,0.23809523809523808,0.1875
0.9081746920492721,0.9266499094417089,0.12264938302993288,0.3793612388956982,True,208,41,30,8,6,0.8352941176470589,0.8367346938775511,0.8723404255319149,0.7894736842105263,0.8541666666666667,0.8309070548712206,0.21052631578947367,0.1276595744680851,42,30,8,5,0.8470588235294118,0.84,0.8936170212765957,0.7894736842105263,0.8659793814432989,0.841545352743561,0.21052631578947367,0.10638297872340426,43,30,8,4,0.8588235294117647,0.8431372549019608,0.9148936170212766,0.7894736842105263,0.8775510204081632,0.8521836506159015,0.21052631578947367,0.0851063829787234
0.9358974358974359,0.9620913972183052,0.11037243506553333,0.3652893206687442,True,209,52,31,8,6,0.8556701030927835,0.8666666666666667,0.896551724137931,0.7948717948717948,0.8813559322033899,0.8457117595048629,0.20512820512820512,0.10344827586206896,53,30,9,5,0.8556701030927835,0.8548387096774194,0.9137931034482759,0.7692307692307693,0.8833333333333333,0.8415119363395226,0.23076923076923078,0.08620689655172414,54,27,12,4,0.8350515463917526,0.8181818181818182,0.9310344827586207,0.6923076923076923,0.8709677419354839,0.8116710875331565,0.3076923076923077,0.06896551724137931
0.9018518518518518,0.9038049431053333,0.12423509460405059,0.4009479244830197,True,210,38,40,8,7,0.8387096774193549,0.8260869565217391,0.8444444444444444,0.8333333333333334,0.8351648351648352,0.8388888888888889,0.16666666666666666,0.15555555555555556,39,40,8,6,0.8494623655913979,0.8297872340425532,0.8666666666666667,0.8333333333333334,0.8478260869565217,0.8500000000000001,0.16666666666666666,0.13333333333333333,39,38,10,6,0.8279569892473119,0.7959183673469388,0.8666666666666667,0.7916666666666666,0.8297872340425533,0.8291666666666666,0.20833333333333334,0.13333333333333333
0.8992161254199328,0.9222954562216946,0.13069921999542636,0.410425023108373,True,211,39,31,7,8,0.8235294117647058,0.8478260869565217,0.8297872340425532,0.8157894736842105,0.8387096774193549,0.8227883538633818,0.18421052631578946,0.1702127659574468,40,30,8,7,0.8235294117647058,0.8333333333333334,0.851063829787234,0.7894736842105263,0.8421052631578947,0.8202687569988802,0.21052631578947367,0.14893617021276595,41,29,9,6,0.8235294117647058,0.82,0.8723404255319149,0.7631578947368421,0.8453608247422681,0.8177491601343785,0.23684210526315788,0.1276595744680851
0.9361904761904762,0.9358421070359956,0.09375911723034439,0.328270742149986,True,212,45,38,4,5,0.9021739130434783,0.9183673469387755,0.9,0.9047619047619048,0.9090909090909091,0.9023809523809524,0.09523809523809523,0.1,46,35,7,4,0.8804347826086957,0.8679245283018868,0.92,0.8333333333333334,0.8932038834951457,0.8766666666666667,0.16666666666666666,0.08,46,35,7,4,0.8804347826086957,0.8679245283018868,0.92,0.8333333333333334,0.8932038834951457,0.8766666666666667,0.16666666666666666,0.08
0.8941441441441442,0.9010740747861953,0.1247825063182195,0.3894517430786759,True,213,45,26,11,3,0.8352941176470589,0.8035714285714286,0.9375,0.7027027027027027,0.8653846153846154,0.8201013513513513,0.2972972972972973,0.0625,45,26,11,3,0.8352941176470589,0.8035714285714286,0.9375,0.7027027027027027,0.8653846153846154,0.8201013513513513,0.2972972972972973,0.0625,45,25,12,3,0.8235294117647058,0.7894736842105263,0.9375,0.6756756756756757,0.8571428571428572,0.8065878378378378,0.32432432432432434,0.0625
0.9287878787878788,0.9509019122088285,0.11677894069413654,0.38104998207054674,True,214,46,32,4,9,0.8571428571428571,0.92,0.8363636363636363,0.8888888888888888,0.8761904761904761,0.8626262626262626,0.1111111111111111,0.16363636363636364,48,32,4,7,0.8791208791208791,0.9230769230769231,0.8727272727272727,0.8888888888888888,0.897196261682243,0.8808080808080807,0.1111111111111111,0.12727272727272726,49,30,6,6,0.8681318681318682,0.8909090909090909,0.8909090909090909,0.8333333333333334,0.8909090909090909,0.8621212121212121,0.16666666666666666,0.10909090909090909
0.8902575587905935,0.8956470424797238,0.1290771967371537,0.41756694589642274,True,215,39,32,6,8,0.8352941176470589,0.8666666666666667,0.8297872340425532,0.8421052631578947,0.8478260869565217,0.8359462486002239,0.15789473684210525,0.1702127659574468,40,29,9,7,0.8117647058823529,0.8163265306122449,0.851063829787234,0.7631578947368421,0.8333333333333334,0.8071108622620381,0.23684210526315788,0.14893617021276595,40,29,9,7,0.8117647058823529,0.8163265306122449,0.851063829787234,0.7631578947368421,0.8333333333333334,0.8071108622620381,0.23684210526315788,0.14893617021276595
0.9416324669402644,0.9496148730822698,0.09876494654343054,0.3236072455879692,True,216,45,37,6,6,0.8723404255319149,0.8823529411764706,0.8823529411764706,0.8604651162790697,0.8823529411764706,0.8714090287277702,0.13953488372093023,0.11764705882352941,47,36,7,4,0.8829787234042553,0.8703703703703703,0.9215686274509803,0.8372093023255814,0.8952380952380952,0.8793889648882809,0.16279069767441862,0.0784313725490196,47,36,7,4,0.8829787234042553,0.8703703703703703,0.9215686274509803,0.8372093023255814,0.8952380952380952,0.8793889648882809,0.16279069767441862,0.0784313725490196
0.9126720455624109,0.9003797122730481,0.11858494274697437,0.389138716707846,True,217,46,34,9,3,0.8695652173913043,0.8363636363636363,0.9387755102040817,0.7906976744186046,0.8846153846153846,0.8647365923113431,0.20930232558139536,0.061224489795918366,46,32,11,3,0.8478260869565217,0.8070175438596491,0.9387755102040817,0.7441860465116279,0.8679245283018868,0.8414807783578548,0.2558139534883721,0.061224489795918366,46,29,14,3,0.8152173913043478,0.7666666666666667,0.9387755102040817,0.6744186046511628,0.8440366972477065,0.8065970574276222,0.32558139534883723,0.061224489795918366
0.9537037037037037,0.972056743209885,0.09397315523987836,0.31468753410929523,True,218,47,30,2,7,0.8953488372093024,0.9591836734693877,0.8703703703703703,0.9375,0.912621359223301,0.9039351851851851,0.0625,0.12962962962962962,48,30,2,6,0.9069767441860465,0.96,0.8888888888888888,0.9375,0.923076923076923,0.9131944444444444,0.0625,0.1111111111111111,48,30,2,6,0.9069767441860465,0.96,0.8888888888888888,0.9375,0.923076923076923,0.9131944444444444,0.0625,0.1111111111111111
0.9010989010989011,0.9300627348976198,0.1406373780128449,0.4382392599257926,True,219,35,36,3,14,0.8068181818181818,0.9210526315789473,0.7142857142857143,0.9230769230769231,0.8045977011494253,0.8186813186813187,0.07692307692307693,0.2857142857142857,39,34,5,10,0.8295454545454546,0.8863636363636364,0.7959183673469388,0.8717948717948718,0.8387096774193548,0.8338566195709053,0.1282051282051282,0.20408163265306123,41,33,6,8,0.8409090909090909,0.8723404255319149,0.8367346938775511,0.8461538461538461,0.8541666666666667,0.8414442700156985,0.15384615384615385,0.16326530612244897
0.9387649195640893,0.9351601321643139,0.09950350837701052,0.33844143747267763,True,220,47,32,9,0,0.8977272727272727,0.8392857142857143,1.0,0.7804878048780488,0.9126213592233009,0.8902439024390244,0.21951219512195122,0.0,47,31,10,0,0.8863636363636364,0.8245614035087719,1.0,0.7560975609756098,0.9038461538461539,0.8780487804878049,0.24390243902439024,0.0,47,31,10,0,0.8863636363636364,0.8245614035087719,1.0,0.7560975609756098,0.9038461538461539,0.8780487804878049,0.24390243902439024,0.0
0.8314479638009049,0.8653841078579011,0.16579945418367975,0.5223431088628395,True,221,42,23,11,10,0.7558139534883721,0.7924528301886793,0.8076923076923077,0.6764705882352942,0.7999999999999999,0.7420814479638009,0.3235294117647059,0.19230769230769232,44,23,11,8,0.7790697674418605,0.8,0.8461538461538461,0.6764705882352942,0.8224299065420562,0.7613122171945701,0.3235294117647059,0.15384615384615385,46,23,11,6,0.8023255813953488,0.8070175438596491,0.8846153846153846,0.6764705882352942,0.8440366972477065,0.7805429864253394,0.3235294117647059,0.11538461538461539
0.9635167464114832,0.9556942820073371,0.08835837879370456,0.30893200826402617,True,222,35,40,4,3,0.9146341463414634,0.8974358974358975,0.9210526315789473,0.9090909090909091,0.9090909090909091,0.9150717703349283,0.09090909090909091,0.07894736842105263,35,38,6,3,0.8902439024390244,0.8536585365853658,0.9210526315789473,0.8636363636363636,0.8860759493670887,0.8923444976076556,0.13636363636363635,0.07894736842105263,35,37,7,3,0.8780487804878049,0.8333333333333334,0.9210526315789473,0.8409090909090909,0.875,0.8809808612440191,0.1590909090909091,0.07894736842105263
0.8954248366013072,0.8852317404719717,0.1263552925443827,0.3980134910213676,True,223,44,31,11,7,0.8064516129032258,0.8,0.8627450980392157,0.7380952380952381,0.8301886792452831,0.8004201680672269,0.2619047619047619,0.13725490196078433,47,31,11,4,0.8387096774193549,0.8103448275862069,0.9215686274509803,0.7380952380952381,0.8623853211009175,0.8298319327731092,0.2619047619047619,0.0784313725490196,47,31,11,4,0.8387096774193549,0.8103448275862069,0.9215686274509803,0.7380952380952381,0.8623853211009175,0.8298319327731092,0.2619047619047619,0.0784313725490196
0.9209999999999999,0.9223855819598916,0.10393571460681031,0.3502635588519271,True,224,44,34,6,6,0.8666666666666667,0.88,0.88,0.85,0.88,0.865,0.15,0.12,44,33,7,6,0.8555555555555555,0.8627450980392157,0.88,0.825,0.8712871287128714,0.8525,0.175,0.12,44,33,7,6,0.8555555555555555,0.8627450980392157,0.88,0.825,0.8712871287128714,0.8525,0.175,0.12
0.9088925259138025,0.9108318082810962,0.11926689582530184,0.3831429800000772,True,225,43,32,7,4,0.872093023255814,0.86,0.9148936170212766,0.8205128205128205,0.8865979381443299,0.8677032187670486,0.1794871794871795,0.0851063829787234,43,31,8,4,0.8604651162790697,0.8431372549019608,0.9148936170212766,0.7948717948717948,0.8775510204081632,0.8548827059465357,0.20512820512820512,0.0851063829787234,44,29,10,3,0.8488372093023255,0.8148148148148148,0.9361702127659575,0.7435897435897436,0.8712871287128713,0.8398799781778505,0.2564102564102564,0.06382978723404255
0.9008224479922593,0.9350994633118445,0.13022852598794846,0.40572876174892863,True,226,46,29,10,7,0.8152173913043478,0.8214285714285714,0.8679245283018868,0.7435897435897436,0.8440366972477065,0.8057571359458152,0.2564102564102564,0.1320754716981132,47,28,11,6,0.8152173913043478,0.8103448275862069,0.8867924528301887,0.717948717948718,0.8468468468468469,0.8023705853894534,0.28205128205128205,0.11320754716981132,47,27,12,6,0.8043478260869565,0.7966101694915254,0.8867924528301887,0.6923076923076923,0.8392857142857143,0.7895500725689405,0.3076923076923077,0.11320754716981132
0.9205555555555556,0.9379128069897871,0.12427688999956686,0.3876600534883419,True,227,42,29,11,3,0.8352941176470589,0.7924528301886793,0.9333333333333333,0.725,0.8571428571428572,0.8291666666666666,0.275,0.06666666666666667,42,26,14,3,0.8,0.75,0.9333333333333333,0.65,0.8316831683168316,0.7916666666666667,0.35,0.06666666666666667,42,25,15,3,0.788235294117647,0.7368421052631579,0.9333333333333333,0.625,0.8235294117647058,0.7791666666666667,0.375,0.06666666666666667
0.9186046511627907,0.9203395415583911,0.11507815611213765,0.36350017705907495,True,228,37,32,6,6,0.8518518518518519,0.8604651162790697,0.8604651162790697,0.8421052631578947,0.8604651162790697,0.8512851897184822,0.15789473684210525,0.13953488372093023,37,32,6,6,0.8518518518518519,0.8604651162790697,0.8604651162790697,0.8421052631578947,0.8604651162790697,0.8512851897184822,0.15789473684210525,0.13953488372093023,37,32,6,6,0.8518518518518519,0.8604651162790697,0.8604651162790697,0.8421052631578947,0.8604651162790697,0.8512851897184822,0.15789473684210525,0.13953488372093023
0.9089912280701754,0.899912172905943,0.10425703133779672,0.353509537208877,True,229,45,29,9,3,0.8604651162790697,0.8333333333333334,0.9375,0.7631578947368421,0.8823529411764706,0.850328947368421,0.23684210526315788,0.0625,45,29,9,3,0.8604651162790697,0.8333333333333334,0.9375,0.7631578947368421,0.8823529411764706,0.850328947368421,0.23684210526315788,0.0625,46,29,9,2,0.872093023255814,0.8363636363636363,0.9583333333333334,0.7631578947368421,0.8932038834951457,0.8607456140350878,0.23684210526315788,0.041666666666666664
0.9225113122171946,0.9510904312507364,0.1142441480914376,0.35777628733170624,True,230,46,25,9,6,0.8255813953488372,0.8363636363636363,0.8846153846153846,0.7352941176470589,0.8598130841121494,0.8099547511312217,0.2647058823529412,0.11538461538461539,46,25,9,6,0.8255813953488372,0.8363636363636363,0.8846153846153846,0.7352941176470589,0.8598130841121494,0.8099547511312217,0.2647058823529412,0.11538461538461539,47,25,9,5,0.8372093023255814,0.8392857142857143,0.9038461538461539,0.7352941176470589,0.8703703703703703,0.8195701357466063,0.2647058823529412,0.09615384615384616
0.9100185528756958,0.9267461417520462,0.1296571679103518,0.396195000153075,True,231,44,31,13,5,0.8064516129032258,0.7719298245614035,0.8979591836734694,0.7045454545454546,0.8301886792452831,0.801252319109462,0.29545454545454547,0.10204081632653061,44,30,14,5,0.7956989247311828,0.7586206896551724,0.8979591836734694,0.6818181818181818,0.822429906542056,0.7898886827458256,0.3181818181818182,0.10204081632653061,45,28,16,4,0.7849462365591398,0.7377049180327869,0.9183673469387755,0.6363636363636364,0.8181818181818182,0.7773654916512059,0.36363636363636365,0.08163265306122448
0.8699074074074074,0.8344126379348071,0.14370841703352058,0.45256434434777915,True,232,35,39,9,10,0.7956989247311828,0.7954545454545454,0.7777777777777778,0.8125,0.7865168539325843,0.7951388888888888,0.1875,0.2222222222222222,36,39,9,9,0.8064516129032258,0.8,0.8,0.8125,0.8000000000000002,0.80625,0.1875,0.2,39,36,12,6,0.8064516129032258,0.7647058823529411,0.8666666666666667,0.75,0.8125,0.8083333333333333,0.25,0.13333333333333333
0.9140461215932915,0.9480472893325094,0.11846062116580358,0.37393814240021295,True,233,47,28,8,6,0.8426966292134831,0.8545454545454545,0.8867924528301887,0.7777777777777778,0.8703703703703703,0.8322851153039832,0.2222222222222222,0.11320754716981132,47,27,9,6,0.8314606741573034,0.8392857142857143,0.8867924528301887,0.75,0.8623853211009174,0.8183962264150944,0.25,0.11320754716981132,47,25,11,6,0.8089887640449438,0.8103448275862069,0.8867924528301887,0.6944444444444444,0.8468468468468469,0.7906184486373166,0.3055555555555556,0.11320754716981132
0.9400705052878966,0.9525530587221543,0.10525273974014138,0.3505566643718294,True,234,39,33,4,7,0.8674698795180723,0.9069767441860465,0.8478260869565217,0.8918918918918919,0.8764044943820224,0.8698589894242068,0.10810810810810811,0.15217391304347827,41,30,7,5,0.8554216867469879,0.8541666666666666,0.8913043478260869,0.8108108108108109,0.8723404255319149,0.8510575793184489,0.1891891891891892,0.10869565217391304,41,29,8,5,0.8433734939759037,0.8367346938775511,0.8913043478260869,0.7837837837837838,0.8631578947368421,0.8375440658049353,0.21621621621621623,0.10869565217391304
0.9542105263157895,0.9656948940539491,0.09364644524842242,0.3241327749098411,True,235,47,34,4,3,0.9204545454545454,0.9215686274509803,0.94,0.8947368421052632,0.9306930693069307,0.9173684210526316,0.10526315789473684,0.06,47,33,5,3,0.9090909090909091,0.9038461538461539,0.94,0.868421052631579,0.9215686274509804,0.9042105263157895,0.13157894736842105,0.06,47,32,6,3,0.8977272727272727,0.8867924528301887,0.94,0.8421052631578947,0.912621359223301,0.8910526315789473,0.15789473684210525,0.06
0.9173913043478261,0.9256019398488722,0.13188254898164276,0.4034030965449351,True,236,46,30,16,4,0.7916666666666666,0.7419354838709677,0.92,0.6521739130434783,0.8214285714285714,0.7860869565217392,0.34782608695652173,0.08,46,29,17,4,0.78125,0.7301587301587301,0.92,0.6304347826086957,0.8141592920353983,0.7752173913043479,0.3695652173913043,0.08,47,29,17,3,0.7916666666666666,0.734375,0.94,0.6304347826086957,0.8245614035087719,0.7852173913043479,0.3695652173913043,0.06
0.8985191637630662,0.8936997207738777,0.12371429495837376,0.39767712472117994,True,237,47,35,6,9,0.845360824742268,0.8867924528301887,0.8392857142857143,0.8536585365853658,0.8623853211009174,0.8464721254355401,0.14634146341463414,0.16071428571428573,49,33,8,7,0.845360824742268,0.8596491228070176,0.875,0.8048780487804879,0.8672566371681416,0.8399390243902439,0.1951219512195122,0.125,49,30,11,7,0.8144329896907216,0.8166666666666667,0.875,0.7317073170731707,0.8448275862068966,0.8033536585365854,0.2682926829268293,0.125
0.9615800865800865,0.9617806591213509,0.08540418923653208,0.29798696252551,True,238,39,37,5,5,0.8837209302325582,0.8863636363636364,0.8863636363636364,0.8809523809523809,0.8863636363636365,0.8836580086580086,0.11904761904761904,0.11363636363636363,41,36,6,3,0.8953488372093024,0.8723404255319149,0.9318181818181818,0.8571428571428571,0.9010989010989012,0.8944805194805194,0.14285714285714285,0.06818181818181818,41,35,7,3,0.8837209302325582,0.8541666666666666,0.9318181818181818,0.8333333333333334,0.8913043478260869,0.8825757575757576,0.16666666666666666,0.06818181818181818
0.9172525689561924,0.9214520929864197,0.11083426998607818,0.3659905896111392,True,239,37,38,5,6,0.872093023255814,0.8809523809523809,0.8604651162790697,0.8837209302325582,0.8705882352941177,0.872093023255814,0.11627906976744186,0.13953488372093023,37,36,7,6,0.8488372093023255,0.8409090909090909,0.8604651162790697,0.8372093023255814,0.8505747126436781,0.8488372093023255,0.16279069767441862,0.13953488372093023,38,36,7,5,0.8604651162790697,0.8444444444444444,0.8837209302325582,0.8372093023255814,0.8636363636363636,0.8604651162790697,0.16279069767441862,0.11627906976744186
0.921875,0.9407036419652616,0.11342149219038818,0.3700086600334272,True,240,34,36,4,6,0.875,0.8947368421052632,0.85,0.9,0.8717948717948718,0.875,0.1,0.15,34,32,8,6,0.825,0.8095238095238095,0.85,0.8,0.8292682926829269,0.825,0.2,0.15,34,32,8,6,0.825,0.8095238095238095,0.85,0.8,0.8292682926829269,0.825,0.2,0.15
0.8973577235772359,0.9133139423327368,0.13279495458485174,0.41354696833408466,True,241,41,31,10,7,0.8089887640449438,0.803921568627451,0.8541666666666666,0.7560975609756098,0.8282828282828283,0.8051321138211383,0.24390243902439024,0.14583333333333334,43,31,10,5,0.8314606741573034,0.8113207547169812,0.8958333333333334,0.7560975609756098,0.8514851485148515,0.8259654471544715,0.24390243902439024,0.10416666666666667,43,29,12,5,0.8089887640449438,0.7818181818181819,0.8958333333333334,0.7073170731707317,0.8349514563106797,0.8015752032520325,0.2926829268292683,0.10416666666666667
0.8642930856553148,0.8840550393604981,0.14480026596927223,0.44097269604924694,True,242,44,27,11,7,0.797752808988764,0.8,0.8627450980392157,0.7105263157894737,0.8301886792452831,0.7866357069143447,0.2894736842105263,0.13725490196078433,44,27,11,7,0.797752808988764,0.8,0.8627450980392157,0.7105263157894737,0.8301886792452831,0.7866357069143447,0.2894736842105263,0.13725490196078433,45,27,11,6,0.8089887640449438,0.8035714285714286,0.8823529411764706,0.7105263157894737,0.8411214953271029,0.7964396284829721,0.2894736842105263,0.11764705882352941
0.9347826086956522,0.9370734263825599,0.10574805760571361,0.3451260314936673,True,243,48,37,9,5,0.8585858585858586,0.8421052631578947,0.9056603773584906,0.8043478260869565,0.8727272727272727,0.8550041017227236,0.1956521739130435,0.09433962264150944,48,37,9,5,0.8585858585858586,0.8421052631578947,0.9056603773584906,0.8043478260869565,0.8727272727272727,0.8550041017227236,0.1956521739130435,0.09433962264150944,49,35,11,4,0.8484848484848485,0.8166666666666667,0.9245283018867925,0.7608695652173914,0.8672566371681416,0.8426989335520919,0.2391304347826087,0.07547169811320754
0.9246068455134135,0.9370290463937105,0.14192614506412346,0.42541692496842853,True,244,43,31,16,3,0.7956989247311828,0.7288135593220338,0.9347826086956522,0.6595744680851063,0.819047619047619,0.7971785383903793,0.3404255319148936,0.06521739130434782,44,29,18,2,0.7849462365591398,0.7096774193548387,0.9565217391304348,0.6170212765957447,0.8148148148148149,0.7867715078630897,0.3829787234042553,0.043478260869565216,44,26,21,2,0.7526881720430108,0.676923076923077,0.9565217391304348,0.5531914893617021,0.7927927927927929,0.7548566142460684,0.44680851063829785,0.043478260869565216
0.9455569461827285,0.9632961894299793,0.10441068555290572,0.3488282600077138,True,245,39,33,1,8,0.8888888888888888,0.975,0.8297872340425532,0.9705882352941176,0.896551724137931,0.9001877346683353,0.029411764705882353,0.1702127659574468,39,31,3,8,0.8641975308641975,0.9285714285714286,0.8297872340425532,0.9117647058823529,0.8764044943820225,0.8707759699624531,0.08823529411764706,0.1702127659574468,39,31,3,8,0.8641975308641975,0.9285714285714286,0.8297872340425532,0.9117647058823529,0.8764044943820225,0.8707759699624531,0.08823529411764706,0.1702127659574468
0.9058084772370487,0.9182470963840957,0.12334622666738762,0.3911728994690853,True,246,42,29,10,7,0.8068181818181818,0.8076923076923077,0.8571428571428571,0.7435897435897436,0.8316831683168318,0.8003663003663004,0.2564102564102564,0.14285714285714285,44,27,12,5,0.8068181818181818,0.7857142857142857,0.8979591836734694,0.6923076923076923,0.838095238095238,0.7951334379905808,0.3076923076923077,0.10204081632653061,45,27,12,4,0.8181818181818182,0.7894736842105263,0.9183673469387755,0.6923076923076923,0.8490566037735849,0.805337519623234,0.3076923076923077,0.08163265306122448
0.9076147816349385,0.8765338733779602,0.1126923533448929,0.3700378647428423,True,247,41,31,7,6,0.8470588235294118,0.8541666666666666,0.8723404255319149,0.8157894736842105,0.8631578947368421,0.8440649496080628,0.18421052631578946,0.1276595744680851,41,29,9,6,0.8235294117647058,0.82,0.8723404255319149,0.7631578947368421,0.8453608247422681,0.8177491601343785,0.23684210526315788,0.1276595744680851,41,29,9,6,0.8235294117647058,0.82,0.8723404255319149,0.7631578947368421,0.8453608247422681,0.8177491601343785,0.23684210526315788,0.1276595744680851
0.9417989417989419,0.9409772181208199,0.10421302442333509,0.34736147860468813,True,248,43,34,8,2,0.8850574712643678,0.8431372549019608,0.9555555555555556,0.8095238095238095,0.8958333333333333,0.8825396825396825,0.19047619047619047,0.044444444444444446,44,33,9,1,0.8850574712643678,0.8301886792452831,0.9777777777777777,0.7857142857142857,0.8979591836734695,0.8817460317460317,0.21428571428571427,0.022222222222222223,44,32,10,1,0.8735632183908046,0.8148148148148148,0.9777777777777777,0.7619047619047619,0.8888888888888888,0.8698412698412699,0.23809523809523808,0.022222222222222223
0.8801020408163266,0.8963931313684715,0.14371216717458457,0.4365625505169163,True,249,42,30,10,7,0.8089887640449438,0.8076923076923077,0.8571428571428571,0.75,0.8316831683168318,0.8035714285714286,0.25,0.14285714285714285,42,30,10,7,0.8089887640449438,0.8076923076923077,0.8571428571428571,0.75,0.8316831683168318,0.8035714285714286,0.25,0.14285714285714285,42,29,11,7,0.797752808988764,0.7924528301886793,0.8571428571428571,0.725,0.8235294117647058,0.7910714285714285,0.275,0.14285714285714285
0.9069387755102041,0.920590236467077,0.12515916648749603,0.4050182633401611,True,250,44,39,10,6,0.8383838383838383,0.8148148148148148,0.88,0.7959183673469388,0.8461538461538461,0.8379591836734694,0.20408163265306123,0.12,44,37,12,6,0.8181818181818182,0.7857142857142857,0.88,0.7551020408163265,0.830188679245283,0.8175510204081633,0.24489795918367346,0.12,44,35,14,6,0.797979797979798,0.7586206896551724,0.88,0.7142857142857143,0.8148148148148148,0.7971428571428572,0.2857142857142857,0.12
0.9285714285714286,0.9468684095142542,0.11102800722515427,0.3512662655972879,True,251,46,35,7,9,0.8350515463917526,0.8679245283018868,0.8363636363636363,0.8333333333333334,0.8518518518518519,0.8348484848484848,0.16666666666666666,0.16363636363636364,50,33,9,5,0.8556701030927835,0.847457627118644,0.9090909090909091,0.7857142857142857,0.8771929824561402,0.8474025974025974,0.21428571428571427,0.09090909090909091,50,31,11,5,0.8350515463917526,0.819672131147541,0.9090909090909091,0.7380952380952381,0.8620689655172413,0.8235930735930737,0.2619047619047619,0.09090909090909091
0.9352030947775629,0.9146785692753521,0.11199343913853618,0.36897039877400567,True,252,42,39,8,2,0.8901098901098901,0.84,0.9545454545454546,0.8297872340425532,0.8936170212765958,0.8921663442940039,0.1702127659574468,0.045454545454545456,42,37,10,2,0.8681318681318682,0.8076923076923077,0.9545454545454546,0.7872340425531915,0.875,0.870889748549323,0.2127659574468085,0.045454545454545456,42,35,12,2,0.8461538461538461,0.7777777777777778,0.9545454545454546,0.7446808510638298,0.8571428571428572,0.8496131528046422,0.2553191489361702,0.045454545454545456
0.9277173913043478,0.9203075772196568,0.11938909530827958,0.3802343141276613,True,253,37,34,12,3,0.8255813953488372,0.7551020408163265,0.925,0.7391304347826086,0.8314606741573034,0.8320652173913043,0.2608695652173913,0.075,37,34,12,3,0.8255813953488372,0.7551020408163265,0.925,0.7391304347826086,0.8314606741573034,0.8320652173913043,0.2608695652173913,0.075,38,32,14,2,0.813953488372093,0.7307692307692307,0.95,0.6956521739130435,0.8260869565217392,0.8228260869565217,0.30434782608695654,0.05
0.9282051282051282,0.928335658981158,0.10207764079288281,0.34167024247370426,True,254,46,31,8,4,0.8651685393258427,0.8518518518518519,0.92,0.7948717948717948,0.8846153846153846,0.8574358974358974,0.20512820512820512,0.08,47,31,8,3,0.8764044943820225,0.8545454545454545,0.94,0.7948717948717948,0.8952380952380952,0.8674358974358973,0.20512820512820512,0.06,48,30,9,2,0.8764044943820225,0.8421052631578947,0.96,0.7692307692307693,0.8971962616822429,0.8646153846153846,0.23076923076923078,0.04
0.9202235772357724,0.9183437419110333,0.11653689476053229,0.37344951907551754,True,255,46,29,12,2,0.8426966292134831,0.7931034482758621,0.9583333333333334,0.7073170731707317,0.8679245283018867,0.8328252032520325,0.2926829268292683,0.041666666666666664,47,27,14,1,0.8314606741573034,0.7704918032786885,0.9791666666666666,0.6585365853658537,0.8623853211009173,0.8188516260162602,0.34146341463414637,0.020833333333333332,47,24,17,1,0.797752808988764,0.734375,0.9791666666666666,0.5853658536585366,0.8392857142857143,0.7822662601626016,0.4146341463414634,0.020833333333333332
0.9085559076505206,0.9005334959687792,0.11397085598428419,0.3804862182524038,True,256,41,39,8,6,0.851063829787234,0.8367346938775511,0.8723404255319149,0.8297872340425532,0.8541666666666667,0.851063829787234,0.1702127659574468,0.1276595744680851,42,36,11,5,0.8297872340425532,0.7924528301886793,0.8936170212765957,0.7659574468085106,0.8400000000000001,0.8297872340425532,0.23404255319148937,0.10638297872340426,43,36,11,4,0.8404255319148937,0.7962962962962963,0.9148936170212766,0.7659574468085106,0.8514851485148516,0.8404255319148937,0.23404255319148937,0.0851063829787234
0.8663594470046083,0.8928916346663458,0.13805134385585932,0.4335956995669649,True,257,43,22,9,6,0.8125,0.8269230769230769,0.8775510204081632,0.7096774193548387,0.8514851485148514,0.793614219881501,0.2903225806451613,0.12244897959183673,44,21,10,5,0.8125,0.8148148148148148,0.8979591836734694,0.6774193548387096,0.8543689320388349,0.7876892692560895,0.3225806451612903,0.10204081632653061,44,20,11,5,0.8,0.8,0.8979591836734694,0.6451612903225806,0.8461538461538463,0.771560236998025,0.3548387096774194,0.10204081632653061
0.8921951219512195,0.9022987873006663,0.1308789070896104,0.40706703727125415,True,258,42,30,11,8,0.7912087912087912,0.7924528301886793,0.84,0.7317073170731707,0.8155339805825242,0.7858536585365854,0.2682926829268293,0.16,45,30,11,5,0.8241758241758241,0.8035714285714286,0.9,0.7317073170731707,0.8490566037735849,0.8158536585365854,0.2682926829268293,0.1,46,29,12,4,0.8241758241758241,0.7931034482758621,0.92,0.7073170731707317,0.851851851851852,0.8136585365853659,0.2926829268292683,0.08
0.893296853625171,0.9150389968805059,0.13810558936822187,0.42969839170074703,True,259,37,38,5,14,0.7978723404255319,0.8809523809523809,0.7254901960784313,0.8837209302325582,0.7956989247311828,0.8046055631554947,0.11627906976744186,0.27450980392156865,38,38,5,13,0.8085106382978723,0.8837209302325582,0.7450980392156863,0.8837209302325582,0.8085106382978724,0.8144094847241222,0.11627906976744186,0.2549019607843137,39,37,6,12,0.8085106382978723,0.8666666666666667,0.7647058823529411,0.8604651162790697,0.8125,0.8125854993160054,0.13953488372093023,0.23529411764705882
0.8916378030677882,0.8855906401138537,0.1375789235384351,0.42710972606549896,True,260,39,35,12,4,0.8222222222222222,0.7647058823529411,0.9069767441860465,0.7446808510638298,0.8297872340425532,0.8258287976249381,0.2553191489361702,0.09302325581395349,39,34,13,4,0.8111111111111111,0.75,0.9069767441860465,0.723404255319149,0.8210526315789475,0.8151904997525977,0.2765957446808511,0.09302325581395349,39,32,15,4,0.7888888888888889,0.7222222222222222,0.9069767441860465,0.6808510638297872,0.8041237113402061,0.7939139040079168,0.3191489361702128,0.09302325581395349
0.944508009153318,0.9529697129154288,0.09844538273320191,0.3252415991549591,True,261,42,33,5,4,0.8928571428571429,0.8936170212765957,0.9130434782608695,0.868421052631579,0.9032258064516129,0.8907322654462242,0.13157894736842105,0.08695652173913043,43,32,6,3,0.8928571428571429,0.8775510204081632,0.9347826086956522,0.8421052631578947,0.9052631578947369,0.8884439359267735,0.15789473684210525,0.06521739130434782,43,28,10,3,0.8452380952380952,0.8113207547169812,0.9347826086956522,0.7368421052631579,0.8686868686868686,0.835812356979405,0.2631578947368421,0.06521739130434782
0.9265962795374559,0.9349543109842884,0.10076638977709967,0.3394070986780478,True,262,47,32,7,4,0.8777777777777778,0.8703703703703703,0.9215686274509803,0.8205128205128205,0.8952380952380952,0.8710407239819005,0.1794871794871795,0.0784313725490196,48,31,8,3,0.8777777777777778,0.8571428571428571,0.9411764705882353,0.7948717948717948,0.897196261682243,0.8680241327300151,0.20512820512820512,0.058823529411764705,48,31,8,3,0.8777777777777778,0.8571428571428571,0.9411764705882353,0.7948717948717948,0.897196261682243,0.8680241327300151,0.20512820512820512,0.058823529411764705
0.945578231292517,0.948415688616399,0.10083667068806482,0.3313218715433782,True,263,43,41,7,6,0.865979381443299,0.86,0.8775510204081632,0.8541666666666666,0.8686868686868686,0.8658588435374149,0.14583333333333334,0.12244897959183673,44,40,8,5,0.865979381443299,0.8461538461538461,0.8979591836734694,0.8333333333333334,0.8712871287128713,0.8656462585034014,0.16666666666666666,0.10204081632653061,44,38,10,5,0.845360824742268,0.8148148148148148,0.8979591836734694,0.7916666666666666,0.8543689320388349,0.844812925170068,0.20833333333333334,0.10204081632653061
0.9142011834319527,0.9306072123368889,0.11702171069474186,0.38757898239543304,True,264,43,36,3,9,0.8681318681318682,0.9347826086956522,0.8269230769230769,0.9230769230769231,0.8775510204081632,0.875,0.07692307692307693,0.17307692307692307,44,35,4,8,0.8681318681318682,0.9166666666666666,0.8461538461538461,0.8974358974358975,0.8799999999999999,0.8717948717948718,0.10256410256410256,0.15384615384615385,44,35,4,8,0.8681318681318682,0.9166666666666666,0.8461538461538461,0.8974358974358975,0.8799999999999999,0.8717948717948718,0.10256410256410256,0.15384615384615385
0.9136008918617614,0.9077770455182764,0.11883326236408923,0.3860124534874615,True,265,34,39,7,5,0.8588235294117647,0.8292682926829268,0.8717948717948718,0.8478260869565217,0.8500000000000001,0.8598104793756968,0.15217391304347827,0.1282051282051282,35,39,7,4,0.8705882352941177,0.8333333333333334,0.8974358974358975,0.8478260869565217,0.8641975308641975,0.8726309921962097,0.15217391304347827,0.10256410256410256,35,37,9,4,0.8470588235294118,0.7954545454545454,0.8974358974358975,0.8043478260869565,0.8433734939759037,0.850891861761427,0.1956521739130435,0.10256410256410256
0.8972902097902098,0.9196705282318494,0.13069113377337208,0.40583833038234723,True,266,46,34,10,6,0.8333333333333334,0.8214285714285714,0.8846153846153846,0.7727272727272727,0.8518518518518519,0.8286713286713286,0.22727272727272727,0.11538461538461539,46,30,14,6,0.7916666666666666,0.7666666666666667,0.8846153846153846,0.6818181818181818,0.8214285714285715,0.7832167832167831,0.3181818181818182,0.11538461538461539,47,30,14,5,0.8020833333333334,0.7704918032786885,0.9038461538461539,0.6818181818181818,0.8318584070796459,0.7928321678321678,0.3181818181818182,0.09615384615384616
0.8809523809523809,0.8723602162422279,0.13435120645514245,0.42923122355582005,True,267,43,32,10,5,0.8333333333333334,0.8113207547169812,0.8958333333333334,0.7619047619047619,0.8514851485148515,0.8288690476190477,0.23809523809523808,0.10416666666666667,43,31,11,5,0.8222222222222222,0.7962962962962963,0.8958333333333334,0.7380952380952381,0.8431372549019608,0.8169642857142858,0.2619047619047619,0.10416666666666667,43,29,13,5,0.8,0.7678571428571429,0.8958333333333334,0.6904761904761905,0.8269230769230769,0.7931547619047619,0.30952380952380953,0.10416666666666667
0.8510416666666666,0.8639225344303277,0.14878475908953412,0.4764301453222293,True,268,42,30,10,6,0.8181818181818182,0.8076923076923077,0.875,0.75,0.8400000000000001,0.8125,0.25,0.125,42,29,11,6,0.8068181818181818,0.7924528301886793,0.875,0.725,0.8316831683168316,0.8,0.275,0.125,42,29,11,6,0.8068181818181818,0.7924528301886793,0.875,0.725,0.8316831683168316,0.8,0.275,0.125
0.932301740812379,0.928579539134328,0.11528995888524961,0.36723765133661873,True,269,42,37,10,2,0.8681318681318682,0.8076923076923077,0.9545454545454546,0.7872340425531915,0.875,0.870889748549323,0.2127659574468085,0.045454545454545456,43,36,11,1,0.8681318681318682,0.7962962962962963,0.9772727272727273,0.7659574468085106,0.8775510204081632,0.871615087040619,0.23404255319148937,0.022727272727272728,43,35,12,1,0.8571428571428571,0.7818181818181819,0.9772727272727273,0.7446808510638298,0.8686868686868686,0.8609767891682785,0.2553191489361702,0.022727272727272728
0.8581851345189239,0.8551053219615746,0.15257237598604573,0.48096652699819864,True,270,45,31,12,6,0.8085106382978723,0.7894736842105263,0.8823529411764706,0.7209302325581395,0.8333333333333333,0.801641586867305,0.27906976744186046,0.11764705882352941,45,29,14,6,0.7872340425531915,0.7627118644067796,0.8823529411764706,0.6744186046511628,0.8181818181818181,0.7783857729138166,0.32558139534883723,0.11764705882352941,45,29,14,6,0.7872340425531915,0.7627118644067796,0.8823529411764706,0.6744186046511628,0.8181818181818181,0.7783857729138166,0.32558139534883723,0.11764705882352941
0.9237500000000001,0.92524501356007,0.11358876568603526,0.36802701464278825,True,271,36,34,6,4,0.875,0.8571428571428571,0.9,0.85,0.8780487804878048,0.875,0.15,0.1,36,32,8,4,0.85,0.8181818181818182,0.9,0.8,0.8571428571428572,0.8500000000000001,0.2,0.1,38,29,11,2,0.8375,0.7755102040816326,0.95,0.725,0.8539325842696629,0.8374999999999999,0.275,0.05
0.901860465116279,0.9042916623229884,0.12063055714837134,0.38756388345343645,True,272,43,35,8,7,0.8387096774193549,0.8431372549019608,0.86,0.813953488372093,0.8514851485148515,0.8369767441860465,0.18604651162790697,0.14,43,33,10,7,0.8172043010752689,0.8113207547169812,0.86,0.7674418604651163,0.8349514563106797,0.8137209302325581,0.23255813953488372,0.14,44,29,14,6,0.7849462365591398,0.7586206896551724,0.88,0.6744186046511628,0.8148148148148148,0.7772093023255814,0.32558139534883723,0.12
0.902668759811617,0.9141220346363821,0.12864463534554893,0.41595605702970867,True,273,42,32,7,7,0.8409090909090909,0.8571428571428571,0.8571428571428571,0.8205128205128205,0.8571428571428571,0.8388278388278387,0.1794871794871795,0.14285714285714285,44,31,8,5,0.8522727272727273,0.8461538461538461,0.8979591836734694,0.7948717948717948,0.8712871287128713,0.8464154892726321,0.20512820512820512,0.10204081632653061,45,30,9,4,0.8522727272727273,0.8333333333333334,0.9183673469387755,0.7692307692307693,0.8737864077669903,0.8437990580847724,0.23076923076923078,0.08163265306122448
0.9198250728862973,0.9266031660445231,0.11265339190206067,0.36056890014949766,True,274,44,33,9,5,0.8461538461538461,0.8301886792452831,0.8979591836734694,0.7857142857142857,0.8627450980392157,0.8418367346938775,0.21428571428571427,0.10204081632653061,45,33,9,4,0.8571428571428571,0.8333333333333334,0.9183673469387755,0.7857142857142857,0.8737864077669903,0.8520408163265306,0.21428571428571427,0.08163265306122448,46,32,10,3,0.8571428571428571,0.8214285714285714,0.9387755102040817,0.7619047619047619,0.8761904761904763,0.8503401360544218,0.23809523809523808,0.061224489795918366
0.9346938775510203,0.9398583871346923,0.12541775155686458,0.39534687142944136,True,275,42,34,15,3,0.8085106382978723,0.7368421052631579,0.9333333333333333,0.6938775510204082,0.8235294117647058,0.8136054421768708,0.30612244897959184,0.06666666666666667,43,33,16,2,0.8085106382978723,0.7288135593220338,0.9555555555555556,0.673469387755102,0.8269230769230769,0.8145124716553288,0.32653061224489793,0.044444444444444446,43,31,18,2,0.7872340425531915,0.7049180327868853,0.9555555555555556,0.6326530612244898,0.8113207547169811,0.7941043083900228,0.3673469387755102,0.044444444444444446
0.8993794326241136,0.8747292454260593,0.12593956604469284,0.4063770235661056,True,276,41,36,11,7,0.8105263157894737,0.7884615384615384,0.8541666666666666,0.7659574468085106,0.8200000000000001,0.8100620567375887,0.23404255319148937,0.14583333333333334,43,35,12,5,0.8210526315789474,0.7818181818181819,0.8958333333333334,0.7446808510638298,0.8349514563106797,0.8202570921985816,0.2553191489361702,0.10416666666666667,44,33,14,4,0.8105263157894737,0.7586206896551724,0.9166666666666666,0.7021276595744681,0.830188679245283,0.8093971631205674,0.2978723404255319,0.08333333333333333
0.8757088846880907,0.8451817797876339,0.14399098382769057,0.45099179473881973,True,277,37,37,9,9,0.8043478260869565,0.8043478260869565,0.8043478260869565,0.8043478260869565,0.8043478260869565,0.8043478260869565,0.1956521739130435,0.1956521739130435,38,36,10,8,0.8043478260869565,0.7916666666666666,0.8260869565217391,0.782608695652174,0.8085106382978724,0.8043478260869565,0.21739130434782608,0.17391304347826086,39,35,11,7,0.8043478260869565,0.78,0.8478260869565217,0.7608695652173914,0.8125,0.8043478260869565,0.2391304347826087,0.15217391304347827
0.9303191489361703,0.9434617334660171,0.10855961131267507,0.3610243532605853,True,278,39,35,5,8,0.8505747126436781,0.8863636363636364,0.8297872340425532,0.875,0.8571428571428571,0.8523936170212766,0.125,0.1702127659574468,39,35,5,8,0.8505747126436781,0.8863636363636364,0.8297872340425532,0.875,0.8571428571428571,0.8523936170212766,0.125,0.1702127659574468,40,35,5,7,0.8620689655172413,0.8888888888888888,0.851063829787234,0.875,0.8695652173913044,0.863031914893617,0.125,0.14893617021276595
0.9002026342451874,0.9101862479964482,0.12945551928908602,0.39875041772258013,True,279,39,32,10,8,0.797752808988764,0.7959183673469388,0.8297872340425532,0.7619047619047619,0.8125,0.7958459979736575,0.23809523809523808,0.1702127659574468,39,32,10,8,0.797752808988764,0.7959183673469388,0.8297872340425532,0.7619047619047619,0.8125,0.7958459979736575,0.23809523809523808,0.1702127659574468,39,31,11,8,0.7865168539325843,0.78,0.8297872340425532,0.7380952380952381,0.8041237113402062,0.7839412360688957,0.2619047619047619,0.1702127659574468
0.9297052154195011,0.926112769113168,0.116103278850715,0.38149134255324346,True,280,39,33,9,3,0.8571428571428571,0.8125,0.9285714285714286,0.7857142857142857,0.8666666666666666,0.8571428571428572,0.21428571428571427,0.07142857142857142,40,32,10,2,0.8571428571428571,0.8,0.9523809523809523,0.7619047619047619,0.8695652173913043,0.8571428571428571,0.23809523809523808,0.047619047619047616,41,32,10,1,0.8690476190476191,0.803921568627451,0.9761904761904762,0.7619047619047619,0.8817204301075269,0.8690476190476191,0.23809523809523808,0.023809523809523808
0.9273504273504273,0.9495471185081025,0.11556481249560148,0.36786396858820586,True,281,43,30,9,5,0.8390804597701149,0.8269230769230769,0.8958333333333334,0.7692307692307693,0.86,0.8325320512820513,0.23076923076923078,0.10416666666666667,44,30,9,4,0.8505747126436781,0.8301886792452831,0.9166666666666666,0.7692307692307693,0.8712871287128713,0.842948717948718,0.23076923076923078,0.08333333333333333,44,29,10,4,0.8390804597701149,0.8148148148148148,0.9166666666666666,0.7435897435897436,0.8627450980392156,0.8301282051282051,0.2564102564102564,0.08333333333333333
0.9160021265284423,0.9347146035299272,0.10914007172184771,0.36099722536313733,True,282,50,27,6,7,0.8555555555555555,0.8928571428571429,0.8771929824561403,0.8181818181818182,0.8849557522123894,0.8476874003189793,0.18181818181818182,0.12280701754385964,51,27,6,6,0.8666666666666667,0.8947368421052632,0.8947368421052632,0.8181818181818182,0.8947368421052632,0.8564593301435407,0.18181818181818182,0.10526315789473684,53,27,6,4,0.8888888888888888,0.8983050847457628,0.9298245614035088,0.8181818181818182,0.9137931034482759,0.8740031897926634,0.18181818181818182,0.07017543859649122
0.9397089397089397,0.9467369354779401,0.094782572517572,0.327971924369283,True,283,46,33,4,6,0.8876404494382022,0.92,0.8846153846153846,0.8918918918918919,0.9019607843137256,0.8882536382536382,0.10810810810810811,0.11538461538461539,47,32,5,5,0.8876404494382022,0.9038461538461539,0.9038461538461539,0.8648648648648649,0.9038461538461539,0.8843555093555093,0.13513513513513514,0.09615384615384616,48,32,5,4,0.898876404494382,0.9056603773584906,0.9230769230769231,0.8648648648648649,0.9142857142857143,0.893970893970894,0.13513513513513514,0.07692307692307693
0.9064716312056738,0.9157850551654217,0.13513865342999187,0.4152344817232103,True,284,43,32,15,5,0.7894736842105263,0.7413793103448276,0.8958333333333334,0.6808510638297872,0.8113207547169813,0.7883421985815603,0.3191489361702128,0.10416666666666667,43,31,16,5,0.7789473684210526,0.7288135593220338,0.8958333333333334,0.6595744680851063,0.8037383177570093,0.7777039007092199,0.3404255319148936,0.10416666666666667,44,30,17,4,0.7789473684210526,0.7213114754098361,0.9166666666666666,0.6382978723404256,0.8073394495412843,0.7774822695035462,0.3617021276595745,0.08333333333333333
0.9277511961722489,0.9422638212770733,0.10796248887703377,0.35319704314117517,True,285,49,31,7,6,0.8602150537634409,0.875,0.8909090909090909,0.8157894736842105,0.8828828828828829,0.8533492822966506,0.18421052631578946,0.10909090909090909,50,31,7,5,0.8709677419354839,0.8771929824561403,0.9090909090909091,0.8157894736842105,0.8928571428571428,0.8624401913875598,0.18421052631578946,0.09090909090909091,51,29,9,4,0.8602150537634409,0.85,0.9272727272727272,0.7631578947368421,0.8869565217391303,0.8452153110047846,0.23684210526315788,0.07272727272727272
0.9634009009009009,0.9734738966177181,0.08727157808665072,0.2961370008526153,True,286,42,32,5,6,0.8705882352941177,0.8936170212765957,0.875,0.8648648648648649,0.8842105263157894,0.8699324324324325,0.13513513513513514,0.125,44,31,6,4,0.8823529411764706,0.88,0.9166666666666666,0.8378378378378378,0.8979591836734694,0.8772522522522522,0.16216216216216217,0.08333333333333333,45,29,8,3,0.8705882352941177,0.8490566037735849,0.9375,0.7837837837837838,0.8910891089108911,0.8606418918918919,0.21621621621621623,0.0625
0.8694331983805669,0.9046684588682239,0.14893986535545362,0.4557700438894511,True,287,42,29,9,10,0.7888888888888889,0.8235294117647058,0.8076923076923077,0.7631578947368421,0.8155339805825242,0.785425101214575,0.23684210526315788,0.19230769230769232,44,29,9,8,0.8111111111111111,0.8301886792452831,0.8461538461538461,0.7631578947368421,0.8380952380952382,0.8046558704453441,0.23684210526315788,0.15384615384615385,45,29,9,7,0.8222222222222222,0.8333333333333334,0.8653846153846154,0.7631578947368421,0.8490566037735849,0.8142712550607287,0.23684210526315788,0.1346153846153846
0.9225023342670401,0.9443704853329441,0.11678645010619423,0.3729037428853736,True,288,42,36,6,9,0.8387096774193549,0.875,0.8235294117647058,0.8571428571428571,0.8484848484848485,0.8403361344537814,0.14285714285714285,0.17647058823529413,43,36,6,8,0.8494623655913979,0.8775510204081632,0.8431372549019608,0.8571428571428571,0.86,0.8501400560224089,0.14285714285714285,0.1568627450980392,43,36,6,8,0.8494623655913979,0.8775510204081632,0.8431372549019608,0.8571428571428571,0.86,0.8501400560224089,0.14285714285714285,0.1568627450980392
0.8943089430894309,0.8634477923227237,0.13835056894425576,0.43365210601357945,True,289,37,32,13,4,0.8023255813953488,0.74,0.9024390243902439,0.7111111111111111,0.8131868131868132,0.8067750677506775,0.28888888888888886,0.0975609756097561,38,29,16,3,0.7790697674418605,0.7037037037037037,0.926829268292683,0.6444444444444445,0.8000000000000002,0.7856368563685637,0.35555555555555557,0.07317073170731707,39,28,17,2,0.7790697674418605,0.6964285714285714,0.9512195121951219,0.6222222222222222,0.8041237113402062,0.7867208672086721,0.37777777777777777,0.04878048780487805
0.908058409951325,0.9071274490578363,0.12138744960641429,0.39520315235426023,True,290,38,34,9,5,0.8372093023255814,0.8085106382978723,0.8837209302325582,0.7906976744186046,0.8444444444444444,0.8372093023255813,0.20930232558139536,0.11627906976744186,38,33,10,5,0.8255813953488372,0.7916666666666666,0.8837209302325582,0.7674418604651163,0.8351648351648352,0.8255813953488372,0.23255813953488372,0.11627906976744186,40,33,10,3,0.8488372093023255,0.8,0.9302325581395349,0.7674418604651163,0.8602150537634408,0.8488372093023255,0.23255813953488372,0.06976744186046512
0.8878676470588235,0.9293606988728237,0.14099371552381468,0.44178951535743166,True,291,39,26,6,12,0.7831325301204819,0.8666666666666667,0.7647058823529411,0.8125,0.8125,0.7886029411764706,0.1875,0.23529411764705882,39,26,6,12,0.7831325301204819,0.8666666666666667,0.7647058823529411,0.8125,0.8125,0.7886029411764706,0.1875,0.23529411764705882,41,26,6,10,0.8072289156626506,0.8723404255319149,0.803921568627451,0.8125,0.8367346938775511,0.8082107843137255,0.1875,0.19607843137254902
0.90527950310559,0.9115123635353435,0.12340675389094725,0.39247070673379053,True,292,40,35,7,6,0.8522727272727273,0.851063829787234,0.8695652173913043,0.8333333333333334,0.8602150537634409,0.8514492753623188,0.16666666666666666,0.13043478260869565,40,33,9,6,0.8295454545454546,0.8163265306122449,0.8695652173913043,0.7857142857142857,0.8421052631578948,0.827639751552795,0.21428571428571427,0.13043478260869565,40,33,9,6,0.8295454545454546,0.8163265306122449,0.8695652173913043,0.7857142857142857,0.8421052631578948,0.827639751552795,0.21428571428571427,0.13043478260869565
0.9044117647058824,0.9297935959893433,0.12530187231438608,0.3961392702821804,True,293,43,26,8,9,0.8023255813953488,0.8431372549019608,0.8269230769230769,0.7647058823529411,0.8349514563106797,0.795814479638009,0.23529411764705882,0.17307692307692307,45,26,8,7,0.8255813953488372,0.8490566037735849,0.8653846153846154,0.7647058823529411,0.8571428571428571,0.8150452488687783,0.23529411764705882,0.1346153846153846,48,26,8,4,0.8604651162790697,0.8571428571428571,0.9230769230769231,0.7647058823529411,0.888888888888889,0.8438914027149321,0.23529411764705882,0.07692307692307693
0.8681765389082463,0.8709652962379376,0.15120662293265047,0.44857112205432814,True,294,32,33,8,10,0.7831325301204819,0.8,0.7619047619047619,0.8048780487804879,0.7804878048780488,0.7833914053426249,0.1951219512195122,0.23809523809523808,33,32,9,9,0.7831325301204819,0.7857142857142857,0.7857142857142857,0.7804878048780488,0.7857142857142857,0.7831010452961673,0.21951219512195122,0.21428571428571427,33,30,11,9,0.7590361445783133,0.75,0.7857142857142857,0.7317073170731707,0.7674418604651163,0.7587108013937283,0.2682926829268293,0.21428571428571427
0.9228778467908902,0.9383467771081173,0.11278212713127674,0.37266288919505736,True,295,40,35,7,6,0.8522727272727273,0.851063829787234,0.8695652173913043,0.8333333333333334,0.8602150537634409,0.8514492753623188,0.16666666666666666,0.13043478260869565,40,35,7,6,0.8522727272727273,0.851063829787234,0.8695652173913043,0.8333333333333334,0.8602150537634409,0.8514492753623188,0.16666666666666666,0.13043478260869565,41,33,9,5,0.8409090909090909,0.82,0.8913043478260869,0.7857142857142857,0.8541666666666666,0.8385093167701863,0.21428571428571427,0.10869565217391304
0.9198979591836736,0.9335568945469351,0.11856282822159654,0.37798447986164496,True,296,45,28,12,4,0.8202247191011236,0.7894736842105263,0.9183673469387755,0.7,0.8490566037735849,0.8091836734693878,0.3,0.08163265306122448,48,27,13,1,0.8426966292134831,0.7868852459016393,0.9795918367346939,0.675,0.8727272727272727,0.827295918367347,0.325,0.02040816326530612,48,26,14,1,0.8314606741573034,0.7741935483870968,0.9795918367346939,0.65,0.8648648648648648,0.814795918367347,0.35,0.02040816326530612
0.891725768321513,0.8806411071399698,0.1447854904946701,0.44390842167204836,True,297,41,31,16,4,0.782608695652174,0.7192982456140351,0.9111111111111111,0.6595744680851063,0.803921568627451,0.7853427895981087,0.3404255319148936,0.08888888888888889,43,30,17,2,0.7934782608695652,0.7166666666666667,0.9555555555555556,0.6382978723404256,0.8190476190476191,0.7969267139479905,0.3617021276595745,0.044444444444444446,43,29,18,2,0.782608695652174,0.7049180327868853,0.9555555555555556,0.6170212765957447,0.8113207547169811,0.7862884160756501,0.3829787234042553,0.044444444444444446
0.9399759903961584,0.9593144308065944,0.10338556181861776,0.3433761741829246,True,298,46,27,7,3,0.8795180722891566,0.8679245283018868,0.9387755102040817,0.7941176470588235,0.9019607843137256,0.8664465786314526,0.20588235294117646,0.061224489795918366,47,26,8,2,0.8795180722891566,0.8545454545454545,0.9591836734693877,0.7647058823529411,0.9038461538461537,0.8619447779111644,0.23529411764705882,0.04081632653061224,47,26,8,2,0.8795180722891566,0.8545454545454545,0.9591836734693877,0.7647058823529411,0.9038461538461537,0.8619447779111644,0.23529411764705882,0.04081632653061224
0.9289071680376029,0.9488214973256923,0.11270948717464793,0.375656195389512,True,299,39,33,4,7,0.8674698795180723,0.9069767441860465,0.8478260869565217,0.8918918918918919,0.8764044943820224,0.8698589894242068,0.10810810810810811,0.15217391304347827,40,33,4,6,0.8795180722891566,0.9090909090909091,0.8695652173913043,0.8918918918918919,0.888888888888889,0.8807285546415982,0.10810810810810811,0.13043478260869565,40,32,5,6,0.8674698795180723,0.8888888888888888,0.8695652173913043,0.8648648648648649,0.8791208791208792,0.8672150411280846,0.13513513513513514,0.13043478260869565
0.8964646464646464,0.8906552420520079,0.13893088690583927,0.4304217538335449,True,300,39,32,12,6,0.797752808988764,0.7647058823529411,0.8666666666666667,0.7272727272727273,0.8125,0.796969696969697,0.2727272727272727,0.13333333333333333,40,31,13,5,0.797752808988764,0.7547169811320755,0.8888888888888888,0.7045454545454546,0.8163265306122449,0.7967171717171717,0.29545454545454547,0.1111111111111111,42,31,13,3,0.8202247191011236,0.7636363636363637,0.9333333333333333,0.7045454545454546,0.84,0.818939393939394,0.29545454545454547,0.06666666666666667
